barcode,in_tissue,array_row,array_col,pxl_row_in_fullres,pxl_col_in_fullres
SYNTH-1-1-1,1,1,1,100,150
SYNTH-1-2-1,1,1,2,100,250
SYNTH-1-3-1,1,1,3,100,350
SYNTH-1-4-1,1,1,4,100,450
SYNTH-1-5-1,1,1,5,100,550
SYNTH-1-6-1,1,1,6,100,650
SYNTH-1-7-1,1,1,7,100,750
SYNTH-1-8-1,1,1,8,100,850
SYNTH-1-9-1,1,1,9,100,950
SYNTH-1-10-1,1,1,10,100,1050
SYNTH-1-11-1,1,1,11,100,1150
SYNTH-1-12-1,1,1,12,100,1250
SYNTH-1-13-1,1,1,13,100,1350
SYNTH-1-14-1,1,1,14,100,1450
SYNTH-1-15-1,1,1,15,100,1550
SYNTH-1-16-1,1,1,16,100,1650
SYNTH-1-17-1,1,1,17,100,1750
SYNTH-1-18-1,1,1,18,100,1850
SYNTH-1-19-1,1,1,19,100,1950
SYNTH-1-20-1,1,1,20,100,2050
SYNTH-1-21-1,1,1,21,100,2150
SYNTH-1-22-1,1,1,22,100,2250
SYNTH-1-23-1,1,1,23,100,2350
SYNTH-1-24-1,1,1,24,100,2450
SYNTH-1-25-1,1,1,25,100,2550
SYNTH-1-26-1,1,1,26,100,2650
SYNTH-1-27-1,1,1,27,100,2750
SYNTH-1-28-1,1,1,28,100,2850
SYNTH-1-29-1,1,1,29,100,2950
SYNTH-1-30-1,1,1,30,100,3050
SYNTH-1-31-1,1,1,31,100,3150
SYNTH-1-32-1,1,1,32,100,3250
SYNTH-1-33-1,1,1,33,100,3350
SYNTH-1-34-1,1,1,34,100,3450
SYNTH-1-35-1,1,1,35,100,3550
SYNTH-1-36-1,1,1,36,100,3650
SYNTH-1-37-1,1,1,37,100,3750
SYNTH-1-38-1,1,1,38,100,3850
SYNTH-1-39-1,1,1,39,100,3950
SYNTH-1-40-1,1,1,40,100,4050
SYNTH-1-41-1,1,1,41,100,4150
SYNTH-1-42-1,1,1,42,100,4250
SYNTH-1-43-1,1,1,43,100,4350
SYNTH-1-44-1,1,1,44,100,4450
SYNTH-1-45-1,1,1,45,100,4550
SYNTH-1-46-1,1,1,46,100,4650
SYNTH-1-47-1,1,1,47,100,4750
SYNTH-1-48-1,1,1,48,100,4850
SYNTH-1-49-1,1,1,49,100,4950
SYNTH-1-50-1,1,1,50,100,5050
SYNTH-2-1-1,1,2,1,200,100
SYNTH-2-2-1,1,2,2,200,200
SYNTH-2-3-1,1,2,3,200,300
SYNTH-2-4-1,1,2,4,200,400
SYNTH-2-5-1,1,2,5,200,500
SYNTH-2-6-1,1,2,6,200,600
SYNTH-2-7-1,1,2,7,200,700
SYNTH-2-8-1,1,2,8,200,800
SYNTH-2-9-1,1,2,9,200,900
SYNTH-2-10-1,1,2,10,200,1000
SYNTH-2-11-1,1,2,11,200,1100
SYNTH-2-12-1,1,2,12,200,1200
SYNTH-2-13-1,1,2,13,200,1300
SYNTH-2-14-1,1,2,14,200,1400
SYNTH-2-15-1,1,2,15,200,1500
SYNTH-2-16-1,1,2,16,200,1600
SYNTH-2-17-1,1,2,17,200,1700
SYNTH-2-18-1,1,2,18,200,1800
SYNTH-2-19-1,1,2,19,200,1900
SYNTH-2-20-1,1,2,20,200,2000
SYNTH-2-21-1,1,2,21,200,2100
SYNTH-2-22-1,1,2,22,200,2200
SYNTH-2-23-1,1,2,23,200,2300
SYNTH-2-24-1,1,2,24,200,2400
SYNTH-2-25-1,1,2,25,200,2500
SYNTH-2-26-1,1,2,26,200,2600
SYNTH-2-27-1,1,2,27,200,2700
SYNTH-2-28-1,1,2,28,200,2800
SYNTH-2-29-1,1,2,29,200,2900
SYNTH-2-30-1,1,2,30,200,3000
SYNTH-2-31-1,1,2,31,200,3100
SYNTH-2-32-1,1,2,32,200,3200
SYNTH-2-33-1,1,2,33,200,3300
SYNTH-2-34-1,1,2,34,200,3400
SYNTH-2-35-1,1,2,35,200,3500
SYNTH-2-36-1,1,2,36,200,3600
SYNTH-2-37-1,1,2,37,200,3700
SYNTH-2-38-1,1,2,38,200,3800
SYNTH-2-39-1,1,2,39,200,3900
SYNTH-2-40-1,1,2,40,200,4000
SYNTH-2-41-1,1,2,41,200,4100
SYNTH-2-42-1,1,2,42,200,4200
SYNTH-2-43-1,1,2,43,200,4300
SYNTH-2-44-1,1,2,44,200,4400
SYNTH-2-45-1,1,2,45,200,4500
SYNTH-2-46-1,1,2,46,200,4600
SYNTH-2-47-1,1,2,47,200,4700
SYNTH-2-48-1,1,2,48,200,4800
SYNTH-2-49-1,1,2,49,200,4900
SYNTH-2-50-1,1,2,50,200,5000
SYNTH-3-1-1,1,3,1,300,150
SYNTH-3-2-1,1,3,2,300,250
SYNTH-3-3-1,1,3,3,300,350
SYNTH-3-4-1,1,3,4,300,450
SYNTH-3-5-1,1,3,5,300,550
SYNTH-3-6-1,1,3,6,300,650
SYNTH-3-7-1,1,3,7,300,750
SYNTH-3-8-1,1,3,8,300,850
SYNTH-3-9-1,1,3,9,300,950
SYNTH-3-10-1,1,3,10,300,1050
SYNTH-3-11-1,1,3,11,300,1150
SYNTH-3-12-1,1,3,12,300,1250
SYNTH-3-13-1,1,3,13,300,1350
SYNTH-3-14-1,1,3,14,300,1450
SYNTH-3-15-1,1,3,15,300,1550
SYNTH-3-16-1,1,3,16,300,1650
SYNTH-3-17-1,1,3,17,300,1750
SYNTH-3-18-1,1,3,18,300,1850
SYNTH-3-19-1,1,3,19,300,1950
SYNTH-3-20-1,1,3,20,300,2050
SYNTH-3-21-1,1,3,21,300,2150
SYNTH-3-22-1,1,3,22,300,2250
SYNTH-3-23-1,1,3,23,300,2350
SYNTH-3-24-1,1,3,24,300,2450
SYNTH-3-25-1,1,3,25,300,2550
SYNTH-3-26-1,1,3,26,300,2650
SYNTH-3-27-1,1,3,27,300,2750
SYNTH-3-28-1,1,3,28,300,2850
SYNTH-3-29-1,1,3,29,300,2950
SYNTH-3-30-1,1,3,30,300,3050
SYNTH-3-31-1,1,3,31,300,3150
SYNTH-3-32-1,1,3,32,300,3250
SYNTH-3-33-1,1,3,33,300,3350
SYNTH-3-34-1,1,3,34,300,3450
SYNTH-3-35-1,1,3,35,300,3550
SYNTH-3-36-1,1,3,36,300,3650
SYNTH-3-37-1,1,3,37,300,3750
SYNTH-3-38-1,1,3,38,300,3850
SYNTH-3-39-1,1,3,39,300,3950
SYNTH-3-40-1,1,3,40,300,4050
SYNTH-3-41-1,1,3,41,300,4150
SYNTH-3-42-1,1,3,42,300,4250
SYNTH-3-43-1,1,3,43,300,4350
SYNTH-3-44-1,1,3,44,300,4450
SYNTH-3-45-1,1,3,45,300,4550
SYNTH-3-46-1,1,3,46,300,4650
SYNTH-3-47-1,1,3,47,300,4750
SYNTH-3-48-1,1,3,48,300,4850
SYNTH-3-49-1,1,3,49,300,4950
SYNTH-3-50-1,1,3,50,300,5050
SYNTH-4-1-1,1,4,1,400,100
SYNTH-4-2-1,1,4,2,400,200
SYNTH-4-3-1,1,4,3,400,300
SYNTH-4-4-1,1,4,4,400,400
SYNTH-4-5-1,1,4,5,400,500
SYNTH-4-6-1,1,4,6,400,600
SYNTH-4-7-1,1,4,7,400,700
SYNTH-4-8-1,1,4,8,400,800
SYNTH-4-9-1,1,4,9,400,900
SYNTH-4-10-1,1,4,10,400,1000
SYNTH-4-11-1,1,4,11,400,1100
SYNTH-4-12-1,1,4,12,400,1200
SYNTH-4-13-1,1,4,13,400,1300
SYNTH-4-14-1,1,4,14,400,1400
SYNTH-4-15-1,1,4,15,400,1500
SYNTH-4-16-1,1,4,16,400,1600
SYNTH-4-17-1,1,4,17,400,1700
SYNTH-4-18-1,1,4,18,400,1800
SYNTH-4-19-1,1,4,19,400,1900
SYNTH-4-20-1,1,4,20,400,2000
SYNTH-4-21-1,1,4,21,400,2100
SYNTH-4-22-1,1,4,22,400,2200
SYNTH-4-23-1,1,4,23,400,2300
SYNTH-4-24-1,1,4,24,400,2400
SYNTH-4-25-1,1,4,25,400,2500
SYNTH-4-26-1,1,4,26,400,2600
SYNTH-4-27-1,1,4,27,400,2700
SYNTH-4-28-1,1,4,28,400,2800
SYNTH-4-29-1,1,4,29,400,2900
SYNTH-4-30-1,1,4,30,400,3000
SYNTH-4-31-1,1,4,31,400,3100
SYNTH-4-32-1,1,4,32,400,3200
SYNTH-4-33-1,1,4,33,400,3300
SYNTH-4-34-1,1,4,34,400,3400
SYNTH-4-35-1,1,4,35,400,3500
SYNTH-4-36-1,1,4,36,400,3600
SYNTH-4-37-1,1,4,37,400,3700
SYNTH-4-38-1,1,4,38,400,3800
SYNTH-4-39-1,1,4,39,400,3900
SYNTH-4-40-1,1,4,40,400,4000
SYNTH-4-41-1,1,4,41,400,4100
SYNTH-4-42-1,1,4,42,400,4200
SYNTH-4-43-1,1,4,43,400,4300
SYNTH-4-44-1,1,4,44,400,4400
SYNTH-4-45-1,1,4,45,400,4500
SYNTH-4-46-1,1,4,46,400,4600
SYNTH-4-47-1,1,4,47,400,4700
SYNTH-4-48-1,1,4,48,400,4800
SYNTH-4-49-1,1,4,49,400,4900
SYNTH-4-50-1,1,4,50,400,5000
SYNTH-5-1-1,1,5,1,500,150
SYNTH-5-2-1,1,5,2,500,250
SYNTH-5-3-1,1,5,3,500,350
SYNTH-5-4-1,1,5,4,500,450
SYNTH-5-5-1,1,5,5,500,550
SYNTH-5-6-1,1,5,6,500,650
SYNTH-5-7-1,1,5,7,500,750
SYNTH-5-8-1,1,5,8,500,850
SYNTH-5-9-1,1,5,9,500,950
SYNTH-5-10-1,1,5,10,500,1050
SYNTH-5-11-1,1,5,11,500,1150
SYNTH-5-12-1,1,5,12,500,1250
SYNTH-5-13-1,1,5,13,500,1350
SYNTH-5-14-1,1,5,14,500,1450
SYNTH-5-15-1,1,5,15,500,1550
SYNTH-5-16-1,1,5,16,500,1650
SYNTH-5-17-1,1,5,17,500,1750
SYNTH-5-18-1,1,5,18,500,1850
SYNTH-5-19-1,1,5,19,500,1950
SYNTH-5-20-1,1,5,20,500,2050
SYNTH-5-21-1,1,5,21,500,2150
SYNTH-5-22-1,1,5,22,500,2250
SYNTH-5-23-1,1,5,23,500,2350
SYNTH-5-24-1,1,5,24,500,2450
SYNTH-5-25-1,1,5,25,500,2550
SYNTH-5-26-1,1,5,26,500,2650
SYNTH-5-27-1,1,5,27,500,2750
SYNTH-5-28-1,1,5,28,500,2850
SYNTH-5-29-1,1,5,29,500,2950
SYNTH-5-30-1,1,5,30,500,3050
SYNTH-5-31-1,1,5,31,500,3150
SYNTH-5-32-1,1,5,32,500,3250
SYNTH-5-33-1,1,5,33,500,3350
SYNTH-5-34-1,1,5,34,500,3450
SYNTH-5-35-1,1,5,35,500,3550
SYNTH-5-36-1,1,5,36,500,3650
SYNTH-5-37-1,1,5,37,500,3750
SYNTH-5-38-1,1,5,38,500,3850
SYNTH-5-39-1,1,5,39,500,3950
SYNTH-5-40-1,1,5,40,500,4050
SYNTH-5-41-1,1,5,41,500,4150
SYNTH-5-42-1,1,5,42,500,4250
SYNTH-5-43-1,1,5,43,500,4350
SYNTH-5-44-1,1,5,44,500,4450
SYNTH-5-45-1,1,5,45,500,4550
SYNTH-5-46-1,1,5,46,500,4650
SYNTH-5-47-1,1,5,47,500,4750
SYNTH-5-48-1,1,5,48,500,4850
SYNTH-5-49-1,1,5,49,500,4950
SYNTH-5-50-1,1,5,50,500,5050
SYNTH-6-1-1,1,6,1,600,100
SYNTH-6-2-1,1,6,2,600,200
SYNTH-6-3-1,1,6,3,600,300
SYNTH-6-4-1,1,6,4,600,400
SYNTH-6-5-1,1,6,5,600,500
SYNTH-6-6-1,1,6,6,600,600
SYNTH-6-7-1,1,6,7,600,700
SYNTH-6-8-1,1,6,8,600,800
SYNTH-6-9-1,1,6,9,600,900
SYNTH-6-10-1,1,6,10,600,1000
SYNTH-6-11-1,1,6,11,600,1100
SYNTH-6-12-1,1,6,12,600,1200
SYNTH-6-13-1,1,6,13,600,1300
SYNTH-6-14-1,1,6,14,600,1400
SYNTH-6-15-1,1,6,15,600,1500
SYNTH-6-16-1,1,6,16,600,1600
SYNTH-6-17-1,1,6,17,600,1700
SYNTH-6-18-1,1,6,18,600,1800
SYNTH-6-19-1,1,6,19,600,1900
SYNTH-6-20-1,1,6,20,600,2000
SYNTH-6-21-1,1,6,21,600,2100
SYNTH-6-22-1,1,6,22,600,2200
SYNTH-6-23-1,1,6,23,600,2300
SYNTH-6-24-1,1,6,24,600,2400
SYNTH-6-25-1,1,6,25,600,2500
SYNTH-6-26-1,1,6,26,600,2600
SYNTH-6-27-1,1,6,27,600,2700
SYNTH-6-28-1,1,6,28,600,2800
SYNTH-6-29-1,1,6,29,600,2900
SYNTH-6-30-1,1,6,30,600,3000
SYNTH-6-31-1,1,6,31,600,3100
SYNTH-6-32-1,1,6,32,600,3200
SYNTH-6-33-1,1,6,33,600,3300
SYNTH-6-34-1,1,6,34,600,3400
SYNTH-6-35-1,1,6,35,600,3500
SYNTH-6-36-1,1,6,36,600,3600
SYNTH-6-37-1,1,6,37,600,3700
SYNTH-6-38-1,1,6,38,600,3800
SYNTH-6-39-1,1,6,39,600,3900
SYNTH-6-40-1,1,6,40,600,4000
SYNTH-6-41-1,1,6,41,600,4100
SYNTH-6-42-1,1,6,42,600,4200
SYNTH-6-43-1,1,6,43,600,4300
SYNTH-6-44-1,1,6,44,600,4400
SYNTH-6-45-1,1,6,45,600,4500
SYNTH-6-46-1,1,6,46,600,4600
SYNTH-6-47-1,1,6,47,600,4700
SYNTH-6-48-1,1,6,48,600,4800
SYNTH-6-49-1,1,6,49,600,4900
SYNTH-6-50-1,1,6,50,600,5000
SYNTH-7-1-1,1,7,1,700,150
SYNTH-7-2-1,1,7,2,700,250
SYNTH-7-3-1,1,7,3,700,350
SYNTH-7-4-1,1,7,4,700,450
SYNTH-7-5-1,1,7,5,700,550
SYNTH-7-6-1,1,7,6,700,650
SYNTH-7-7-1,1,7,7,700,750
SYNTH-7-8-1,1,7,8,700,850
SYNTH-7-9-1,1,7,9,700,950
SYNTH-7-10-1,1,7,10,700,1050
SYNTH-7-11-1,1,7,11,700,1150
SYNTH-7-12-1,1,7,12,700,1250
SYNTH-7-13-1,1,7,13,700,1350
SYNTH-7-14-1,1,7,14,700,1450
SYNTH-7-15-1,1,7,15,700,1550
SYNTH-7-16-1,1,7,16,700,1650
SYNTH-7-17-1,1,7,17,700,1750
SYNTH-7-18-1,1,7,18,700,1850
SYNTH-7-19-1,1,7,19,700,1950
SYNTH-7-20-1,1,7,20,700,2050
SYNTH-7-21-1,1,7,21,700,2150
SYNTH-7-22-1,1,7,22,700,2250
SYNTH-7-23-1,1,7,23,700,2350
SYNTH-7-24-1,1,7,24,700,2450
SYNTH-7-25-1,1,7,25,700,2550
SYNTH-7-26-1,1,7,26,700,2650
SYNTH-7-27-1,1,7,27,700,2750
SYNTH-7-28-1,1,7,28,700,2850
SYNTH-7-29-1,1,7,29,700,2950
SYNTH-7-30-1,1,7,30,700,3050
SYNTH-7-31-1,1,7,31,700,3150
SYNTH-7-32-1,1,7,32,700,3250
SYNTH-7-33-1,1,7,33,700,3350
SYNTH-7-34-1,1,7,34,700,3450
SYNTH-7-35-1,1,7,35,700,3550
SYNTH-7-36-1,1,7,36,700,3650
SYNTH-7-37-1,1,7,37,700,3750
SYNTH-7-38-1,1,7,38,700,3850
SYNTH-7-39-1,1,7,39,700,3950
SYNTH-7-40-1,1,7,40,700,4050
SYNTH-7-41-1,1,7,41,700,4150
SYNTH-7-42-1,1,7,42,700,4250
SYNTH-7-43-1,1,7,43,700,4350
SYNTH-7-44-1,1,7,44,700,4450
SYNTH-7-45-1,1,7,45,700,4550
SYNTH-7-46-1,1,7,46,700,4650
SYNTH-7-47-1,1,7,47,700,4750
SYNTH-7-48-1,1,7,48,700,4850
SYNTH-7-49-1,1,7,49,700,4950
SYNTH-7-50-1,1,7,50,700,5050
SYNTH-8-1-1,1,8,1,800,100
SYNTH-8-2-1,1,8,2,800,200
SYNTH-8-3-1,1,8,3,800,300
SYNTH-8-4-1,1,8,4,800,400
SYNTH-8-5-1,1,8,5,800,500
SYNTH-8-6-1,1,8,6,800,600
SYNTH-8-7-1,1,8,7,800,700
SYNTH-8-8-1,1,8,8,800,800
SYNTH-8-9-1,1,8,9,800,900
SYNTH-8-10-1,1,8,10,800,1000
SYNTH-8-11-1,1,8,11,800,1100
SYNTH-8-12-1,1,8,12,800,1200
SYNTH-8-13-1,1,8,13,800,1300
SYNTH-8-14-1,1,8,14,800,1400
SYNTH-8-15-1,1,8,15,800,1500
SYNTH-8-16-1,1,8,16,800,1600
SYNTH-8-17-1,1,8,17,800,1700
SYNTH-8-18-1,1,8,18,800,1800
SYNTH-8-19-1,1,8,19,800,1900
SYNTH-8-20-1,1,8,20,800,2000
SYNTH-8-21-1,1,8,21,800,2100
SYNTH-8-22-1,1,8,22,800,2200
SYNTH-8-23-1,1,8,23,800,2300
SYNTH-8-24-1,1,8,24,800,2400
SYNTH-8-25-1,1,8,25,800,2500
SYNTH-8-26-1,1,8,26,800,2600
SYNTH-8-27-1,1,8,27,800,2700
SYNTH-8-28-1,1,8,28,800,2800
SYNTH-8-29-1,1,8,29,800,2900
SYNTH-8-30-1,1,8,30,800,3000
SYNTH-8-31-1,1,8,31,800,3100
SYNTH-8-32-1,1,8,32,800,3200
SYNTH-8-33-1,1,8,33,800,3300
SYNTH-8-34-1,1,8,34,800,3400
SYNTH-8-35-1,1,8,35,800,3500
SYNTH-8-36-1,1,8,36,800,3600
SYNTH-8-37-1,1,8,37,800,3700
SYNTH-8-38-1,1,8,38,800,3800
SYNTH-8-39-1,1,8,39,800,3900
SYNTH-8-40-1,1,8,40,800,4000
SYNTH-8-41-1,1,8,41,800,4100
SYNTH-8-42-1,1,8,42,800,4200
SYNTH-8-43-1,1,8,43,800,4300
SYNTH-8-44-1,1,8,44,800,4400
SYNTH-8-45-1,1,8,45,800,4500
SYNTH-8-46-1,1,8,46,800,4600
SYNTH-8-47-1,1,8,47,800,4700
SYNTH-8-48-1,1,8,48,800,4800
SYNTH-8-49-1,1,8,49,800,4900
SYNTH-8-50-1,1,8,50,800,5000
SYNTH-9-1-1,1,9,1,900,150
SYNTH-9-2-1,1,9,2,900,250
SYNTH-9-3-1,1,9,3,900,350
SYNTH-9-4-1,1,9,4,900,450
SYNTH-9-5-1,1,9,5,900,550
SYNTH-9-6-1,1,9,6,900,650
SYNTH-9-7-1,1,9,7,900,750
SYNTH-9-8-1,1,9,8,900,850
SYNTH-9-9-1,1,9,9,900,950
SYNTH-9-10-1,1,9,10,900,1050
SYNTH-9-11-1,1,9,11,900,1150
SYNTH-9-12-1,1,9,12,900,1250
SYNTH-9-13-1,1,9,13,900,1350
SYNTH-9-14-1,1,9,14,900,1450
SYNTH-9-15-1,1,9,15,900,1550
SYNTH-9-16-1,1,9,16,900,1650
SYNTH-9-17-1,1,9,17,900,1750
SYNTH-9-18-1,1,9,18,900,1850
SYNTH-9-19-1,1,9,19,900,1950
SYNTH-9-20-1,1,9,20,900,2050
SYNTH-9-21-1,1,9,21,900,2150
SYNTH-9-22-1,1,9,22,900,2250
SYNTH-9-23-1,1,9,23,900,2350
SYNTH-9-24-1,1,9,24,900,2450
SYNTH-9-25-1,1,9,25,900,2550
SYNTH-9-26-1,1,9,26,900,2650
SYNTH-9-27-1,1,9,27,900,2750
SYNTH-9-28-1,1,9,28,900,2850
SYNTH-9-29-1,1,9,29,900,2950
SYNTH-9-30-1,1,9,30,900,3050
SYNTH-9-31-1,1,9,31,900,3150
SYNTH-9-32-1,1,9,32,900,3250
SYNTH-9-33-1,1,9,33,900,3350
SYNTH-9-34-1,1,9,34,900,3450
SYNTH-9-35-1,1,9,35,900,3550
SYNTH-9-36-1,1,9,36,900,3650
SYNTH-9-37-1,1,9,37,900,3750
SYNTH-9-38-1,1,9,38,900,3850
SYNTH-9-39-1,1,9,39,900,3950
SYNTH-9-40-1,1,9,40,900,4050
SYNTH-9-41-1,1,9,41,900,4150
SYNTH-9-42-1,1,9,42,900,4250
SYNTH-9-43-1,1,9,43,900,4350
SYNTH-9-44-1,1,9,44,900,4450
SYNTH-9-45-1,1,9,45,900,4550
SYNTH-9-46-1,1,9,46,900,4650
SYNTH-9-47-1,1,9,47,900,4750
SYNTH-9-48-1,1,9,48,900,4850
SYNTH-9-49-1,1,9,49,900,4950
SYNTH-9-50-1,1,9,50,900,5050
SYNTH-10-1-1,1,10,1,1000,100
SYNTH-10-2-1,1,10,2,1000,200
SYNTH-10-3-1,1,10,3,1000,300
SYNTH-10-4-1,1,10,4,1000,400
SYNTH-10-5-1,1,10,5,1000,500
SYNTH-10-6-1,1,10,6,1000,600
SYNTH-10-7-1,1,10,7,1000,700
SYNTH-10-8-1,1,10,8,1000,800
SYNTH-10-9-1,1,10,9,1000,900
SYNTH-10-10-1,1,10,10,1000,1000
SYNTH-10-11-1,1,10,11,1000,1100
SYNTH-10-12-1,1,10,12,1000,1200
SYNTH-10-13-1,1,10,13,1000,1300
SYNTH-10-14-1,1,10,14,1000,1400
SYNTH-10-15-1,1,10,15,1000,1500
SYNTH-10-16-1,1,10,16,1000,1600
SYNTH-10-17-1,1,10,17,1000,1700
SYNTH-10-18-1,1,10,18,1000,1800
SYNTH-10-19-1,1,10,19,1000,1900
SYNTH-10-20-1,1,10,20,1000,2000
SYNTH-10-21-1,1,10,21,1000,2100
SYNTH-10-22-1,1,10,22,1000,2200
SYNTH-10-23-1,1,10,23,1000,2300
SYNTH-10-24-1,1,10,24,1000,2400
SYNTH-10-25-1,1,10,25,1000,2500
SYNTH-10-26-1,1,10,26,1000,2600
SYNTH-10-27-1,1,10,27,1000,2700
SYNTH-10-28-1,1,10,28,1000,2800
SYNTH-10-29-1,1,10,29,1000,2900
SYNTH-10-30-1,1,10,30,1000,3000
SYNTH-10-31-1,1,10,31,1000,3100
SYNTH-10-32-1,1,10,32,1000,3200
SYNTH-10-33-1,1,10,33,1000,3300
SYNTH-10-34-1,1,10,34,1000,3400
SYNTH-10-35-1,1,10,35,1000,3500
SYNTH-10-36-1,1,10,36,1000,3600
SYNTH-10-37-1,1,10,37,1000,3700
SYNTH-10-38-1,1,10,38,1000,3800
SYNTH-10-39-1,1,10,39,1000,3900
SYNTH-10-40-1,1,10,40,1000,4000
SYNTH-10-41-1,1,10,41,1000,4100
SYNTH-10-42-1,1,10,42,1000,4200
SYNTH-10-43-1,1,10,43,1000,4300
SYNTH-10-44-1,1,10,44,1000,4400
SYNTH-10-45-1,1,10,45,1000,4500
SYNTH-10-46-1,1,10,46,1000,4600
SYNTH-10-47-1,1,10,47,1000,4700
SYNTH-10-48-1,1,10,48,1000,4800
SYNTH-10-49-1,1,10,49,1000,4900
SYNTH-10-50-1,1,10,50,1000,5000
SYNTH-11-1-1,1,11,1,1100,150
SYNTH-11-2-1,1,11,2,1100,250
SYNTH-11-3-1,1,11,3,1100,350
SYNTH-11-4-1,1,11,4,1100,450
SYNTH-11-5-1,1,11,5,1100,550
SYNTH-11-6-1,1,11,6,1100,650
SYNTH-11-7-1,1,11,7,1100,750
SYNTH-11-8-1,1,11,8,1100,850
SYNTH-11-9-1,1,11,9,1100,950
SYNTH-11-10-1,1,11,10,1100,1050
SYNTH-11-11-1,1,11,11,1100,1150
SYNTH-11-12-1,1,11,12,1100,1250
SYNTH-11-13-1,1,11,13,1100,1350
SYNTH-11-14-1,1,11,14,1100,1450
SYNTH-11-15-1,1,11,15,1100,1550
SYNTH-11-16-1,1,11,16,1100,1650
SYNTH-11-17-1,1,11,17,1100,1750
SYNTH-11-18-1,1,11,18,1100,1850
SYNTH-11-19-1,1,11,19,1100,1950
SYNTH-11-20-1,1,11,20,1100,2050
SYNTH-11-21-1,1,11,21,1100,2150
SYNTH-11-22-1,1,11,22,1100,2250
SYNTH-11-23-1,1,11,23,1100,2350
SYNTH-11-24-1,1,11,24,1100,2450
SYNTH-11-25-1,1,11,25,1100,2550
SYNTH-11-26-1,1,11,26,1100,2650
SYNTH-11-27-1,1,11,27,1100,2750
SYNTH-11-28-1,1,11,28,1100,2850
SYNTH-11-29-1,1,11,29,1100,2950
SYNTH-11-30-1,1,11,30,1100,3050
SYNTH-11-31-1,1,11,31,1100,3150
SYNTH-11-32-1,1,11,32,1100,3250
SYNTH-11-33-1,1,11,33,1100,3350
SYNTH-11-34-1,1,11,34,1100,3450
SYNTH-11-35-1,1,11,35,1100,3550
SYNTH-11-36-1,1,11,36,1100,3650
SYNTH-11-37-1,1,11,37,1100,3750
SYNTH-11-38-1,1,11,38,1100,3850
SYNTH-11-39-1,1,11,39,1100,3950
SYNTH-11-40-1,1,11,40,1100,4050
SYNTH-11-41-1,1,11,41,1100,4150
SYNTH-11-42-1,1,11,42,1100,4250
SYNTH-11-43-1,1,11,43,1100,4350
SYNTH-11-44-1,1,11,44,1100,4450
SYNTH-11-45-1,1,11,45,1100,4550
SYNTH-11-46-1,1,11,46,1100,4650
SYNTH-11-47-1,1,11,47,1100,4750
SYNTH-11-48-1,1,11,48,1100,4850
SYNTH-11-49-1,1,11,49,1100,4950
SYNTH-11-50-1,1,11,50,1100,5050
SYNTH-12-1-1,1,12,1,1200,100
SYNTH-12-2-1,1,12,2,1200,200
SYNTH-12-3-1,1,12,3,1200,300
SYNTH-12-4-1,1,12,4,1200,400
SYNTH-12-5-1,1,12,5,1200,500
SYNTH-12-6-1,1,12,6,1200,600
SYNTH-12-7-1,1,12,7,1200,700
SYNTH-12-8-1,1,12,8,1200,800
SYNTH-12-9-1,1,12,9,1200,900
SYNTH-12-10-1,1,12,10,1200,1000
SYNTH-12-11-1,1,12,11,1200,1100
SYNTH-12-12-1,1,12,12,1200,1200
SYNTH-12-13-1,1,12,13,1200,1300
SYNTH-12-14-1,1,12,14,1200,1400
SYNTH-12-15-1,1,12,15,1200,1500
SYNTH-12-16-1,1,12,16,1200,1600
SYNTH-12-17-1,1,12,17,1200,1700
SYNTH-12-18-1,1,12,18,1200,1800
SYNTH-12-19-1,1,12,19,1200,1900
SYNTH-12-20-1,1,12,20,1200,2000
SYNTH-12-21-1,1,12,21,1200,2100
SYNTH-12-22-1,1,12,22,1200,2200
SYNTH-12-23-1,1,12,23,1200,2300
SYNTH-12-24-1,1,12,24,1200,2400
SYNTH-12-25-1,1,12,25,1200,2500
SYNTH-12-26-1,1,12,26,1200,2600
SYNTH-12-27-1,1,12,27,1200,2700
SYNTH-12-28-1,1,12,28,1200,2800
SYNTH-12-29-1,1,12,29,1200,2900
SYNTH-12-30-1,1,12,30,1200,3000
SYNTH-12-31-1,1,12,31,1200,3100
SYNTH-12-32-1,1,12,32,1200,3200
SYNTH-12-33-1,1,12,33,1200,3300
SYNTH-12-34-1,1,12,34,1200,3400
SYNTH-12-35-1,1,12,35,1200,3500
SYNTH-12-36-1,1,12,36,1200,3600
SYNTH-12-37-1,1,12,37,1200,3700
SYNTH-12-38-1,1,12,38,1200,3800
SYNTH-12-39-1,1,12,39,1200,3900
SYNTH-12-40-1,1,12,40,1200,4000
SYNTH-12-41-1,1,12,41,1200,4100
SYNTH-12-42-1,1,12,42,1200,4200
SYNTH-12-43-1,1,12,43,1200,4300
SYNTH-12-44-1,1,12,44,1200,4400
SYNTH-12-45-1,1,12,45,1200,4500
SYNTH-12-46-1,1,12,46,1200,4600
SYNTH-12-47-1,1,12,47,1200,4700
SYNTH-12-48-1,1,12,48,1200,4800
SYNTH-12-49-1,1,12,49,1200,4900
SYNTH-12-50-1,1,12,50,1200,5000
SYNTH-13-1-1,1,13,1,1300,150
SYNTH-13-2-1,1,13,2,1300,250
SYNTH-13-3-1,1,13,3,1300,350
SYNTH-13-4-1,1,13,4,1300,450
SYNTH-13-5-1,1,13,5,1300,550
SYNTH-13-6-1,1,13,6,1300,650
SYNTH-13-7-1,1,13,7,1300,750
SYNTH-13-8-1,1,13,8,1300,850
SYNTH-13-9-1,1,13,9,1300,950
SYNTH-13-10-1,1,13,10,1300,1050
SYNTH-13-11-1,1,13,11,1300,1150
SYNTH-13-12-1,1,13,12,1300,1250
SYNTH-13-13-1,1,13,13,1300,1350
SYNTH-13-14-1,1,13,14,1300,1450
SYNTH-13-15-1,1,13,15,1300,1550
SYNTH-13-16-1,1,13,16,1300,1650
SYNTH-13-17-1,1,13,17,1300,1750
SYNTH-13-18-1,1,13,18,1300,1850
SYNTH-13-19-1,1,13,19,1300,1950
SYNTH-13-20-1,1,13,20,1300,2050
SYNTH-13-21-1,1,13,21,1300,2150
SYNTH-13-22-1,1,13,22,1300,2250
SYNTH-13-23-1,1,13,23,1300,2350
SYNTH-13-24-1,1,13,24,1300,2450
SYNTH-13-25-1,1,13,25,1300,2550
SYNTH-13-26-1,1,13,26,1300,2650
SYNTH-13-27-1,1,13,27,1300,2750
SYNTH-13-28-1,1,13,28,1300,2850
SYNTH-13-29-1,1,13,29,1300,2950
SYNTH-13-30-1,1,13,30,1300,3050
SYNTH-13-31-1,1,13,31,1300,3150
SYNTH-13-32-1,1,13,32,1300,3250
SYNTH-13-33-1,1,13,33,1300,3350
SYNTH-13-34-1,1,13,34,1300,3450
SYNTH-13-35-1,1,13,35,1300,3550
SYNTH-13-36-1,1,13,36,1300,3650
SYNTH-13-37-1,1,13,37,1300,3750
SYNTH-13-38-1,1,13,38,1300,3850
SYNTH-13-39-1,1,13,39,1300,3950
SYNTH-13-40-1,1,13,40,1300,4050
SYNTH-13-41-1,1,13,41,1300,4150
SYNTH-13-42-1,1,13,42,1300,4250
SYNTH-13-43-1,1,13,43,1300,4350
SYNTH-13-44-1,1,13,44,1300,4450
SYNTH-13-45-1,1,13,45,1300,4550
SYNTH-13-46-1,1,13,46,1300,4650
SYNTH-13-47-1,1,13,47,1300,4750
SYNTH-13-48-1,1,13,48,1300,4850
SYNTH-13-49-1,1,13,49,1300,4950
SYNTH-13-50-1,1,13,50,1300,5050
SYNTH-14-1-1,1,14,1,1400,100
SYNTH-14-2-1,1,14,2,1400,200
SYNTH-14-3-1,1,14,3,1400,300
SYNTH-14-4-1,1,14,4,1400,400
SYNTH-14-5-1,1,14,5,1400,500
SYNTH-14-6-1,1,14,6,1400,600
SYNTH-14-7-1,1,14,7,1400,700
SYNTH-14-8-1,1,14,8,1400,800
SYNTH-14-9-1,1,14,9,1400,900
SYNTH-14-10-1,1,14,10,1400,1000
SYNTH-14-11-1,1,14,11,1400,1100
SYNTH-14-12-1,1,14,12,1400,1200
SYNTH-14-13-1,1,14,13,1400,1300
SYNTH-14-14-1,1,14,14,1400,1400
SYNTH-14-15-1,1,14,15,1400,1500
SYNTH-14-16-1,1,14,16,1400,1600
SYNTH-14-17-1,1,14,17,1400,1700
SYNTH-14-18-1,1,14,18,1400,1800
SYNTH-14-19-1,1,14,19,1400,1900
SYNTH-14-20-1,1,14,20,1400,2000
SYNTH-14-21-1,1,14,21,1400,2100
SYNTH-14-22-1,1,14,22,1400,2200
SYNTH-14-23-1,1,14,23,1400,2300
SYNTH-14-24-1,1,14,24,1400,2400
SYNTH-14-25-1,1,14,25,1400,2500
SYNTH-14-26-1,1,14,26,1400,2600
SYNTH-14-27-1,1,14,27,1400,2700
SYNTH-14-28-1,1,14,28,1400,2800
SYNTH-14-29-1,1,14,29,1400,2900
SYNTH-14-30-1,1,14,30,1400,3000
SYNTH-14-31-1,1,14,31,1400,3100
SYNTH-14-32-1,1,14,32,1400,3200
SYNTH-14-33-1,1,14,33,1400,3300
SYNTH-14-34-1,1,14,34,1400,3400
SYNTH-14-35-1,1,14,35,1400,3500
SYNTH-14-36-1,1,14,36,1400,3600
SYNTH-14-37-1,1,14,37,1400,3700
SYNTH-14-38-1,1,14,38,1400,3800
SYNTH-14-39-1,1,14,39,1400,3900
SYNTH-14-40-1,1,14,40,1400,4000
SYNTH-14-41-1,1,14,41,1400,4100
SYNTH-14-42-1,1,14,42,1400,4200
SYNTH-14-43-1,1,14,43,1400,4300
SYNTH-14-44-1,1,14,44,1400,4400
SYNTH-14-45-1,1,14,45,1400,4500
SYNTH-14-46-1,1,14,46,1400,4600
SYNTH-14-47-1,1,14,47,1400,4700
SYNTH-14-48-1,1,14,48,1400,4800
SYNTH-14-49-1,1,14,49,1400,4900
SYNTH-14-50-1,1,14,50,1400,5000
SYNTH-15-1-1,1,15,1,1500,150
SYNTH-15-2-1,1,15,2,1500,250
SYNTH-15-3-1,1,15,3,1500,350
SYNTH-15-4-1,1,15,4,1500,450
SYNTH-15-5-1,1,15,5,1500,550
SYNTH-15-6-1,1,15,6,1500,650
SYNTH-15-7-1,1,15,7,1500,750
SYNTH-15-8-1,1,15,8,1500,850
SYNTH-15-9-1,1,15,9,1500,950
SYNTH-15-10-1,1,15,10,1500,1050
SYNTH-15-11-1,1,15,11,1500,1150
SYNTH-15-12-1,1,15,12,1500,1250
SYNTH-15-13-1,1,15,13,1500,1350
SYNTH-15-14-1,1,15,14,1500,1450
SYNTH-15-15-1,1,15,15,1500,1550
SYNTH-15-16-1,1,15,16,1500,1650
SYNTH-15-17-1,1,15,17,1500,1750
SYNTH-15-18-1,1,15,18,1500,1850
SYNTH-15-19-1,1,15,19,1500,1950
SYNTH-15-20-1,1,15,20,1500,2050
SYNTH-15-21-1,1,15,21,1500,2150
SYNTH-15-22-1,1,15,22,1500,2250
SYNTH-15-23-1,1,15,23,1500,2350
SYNTH-15-24-1,1,15,24,1500,2450
SYNTH-15-25-1,1,15,25,1500,2550
SYNTH-15-26-1,1,15,26,1500,2650
SYNTH-15-27-1,1,15,27,1500,2750
SYNTH-15-28-1,1,15,28,1500,2850
SYNTH-15-29-1,1,15,29,1500,2950
SYNTH-15-30-1,1,15,30,1500,3050
SYNTH-15-31-1,1,15,31,1500,3150
SYNTH-15-32-1,1,15,32,1500,3250
SYNTH-15-33-1,1,15,33,1500,3350
SYNTH-15-34-1,1,15,34,1500,3450
SYNTH-15-35-1,1,15,35,1500,3550
SYNTH-15-36-1,1,15,36,1500,3650
SYNTH-15-37-1,1,15,37,1500,3750
SYNTH-15-38-1,1,15,38,1500,3850
SYNTH-15-39-1,1,15,39,1500,3950
SYNTH-15-40-1,1,15,40,1500,4050
SYNTH-15-41-1,1,15,41,1500,4150
SYNTH-15-42-1,1,15,42,1500,4250
SYNTH-15-43-1,1,15,43,1500,4350
SYNTH-15-44-1,1,15,44,1500,4450
SYNTH-15-45-1,1,15,45,1500,4550
SYNTH-15-46-1,1,15,46,1500,4650
SYNTH-15-47-1,1,15,47,1500,4750
SYNTH-15-48-1,1,15,48,1500,4850
SYNTH-15-49-1,1,15,49,1500,4950
SYNTH-15-50-1,1,15,50,1500,5050
SYNTH-16-1-1,1,16,1,1600,100
SYNTH-16-2-1,1,16,2,1600,200
SYNTH-16-3-1,1,16,3,1600,300
SYNTH-16-4-1,1,16,4,1600,400
SYNTH-16-5-1,1,16,5,1600,500
SYNTH-16-6-1,1,16,6,1600,600
SYNTH-16-7-1,1,16,7,1600,700
SYNTH-16-8-1,1,16,8,1600,800
SYNTH-16-9-1,1,16,9,1600,900
SYNTH-16-10-1,1,16,10,1600,1000
SYNTH-16-11-1,1,16,11,1600,1100
SYNTH-16-12-1,1,16,12,1600,1200
SYNTH-16-13-1,1,16,13,1600,1300
SYNTH-16-14-1,1,16,14,1600,1400
SYNTH-16-15-1,1,16,15,1600,1500
SYNTH-16-16-1,1,16,16,1600,1600
SYNTH-16-17-1,1,16,17,1600,1700
SYNTH-16-18-1,1,16,18,1600,1800
SYNTH-16-19-1,1,16,19,1600,1900
SYNTH-16-20-1,1,16,20,1600,2000
SYNTH-16-21-1,1,16,21,1600,2100
SYNTH-16-22-1,1,16,22,1600,2200
SYNTH-16-23-1,1,16,23,1600,2300
SYNTH-16-24-1,1,16,24,1600,2400
SYNTH-16-25-1,1,16,25,1600,2500
SYNTH-16-26-1,1,16,26,1600,2600
SYNTH-16-27-1,1,16,27,1600,2700
SYNTH-16-28-1,1,16,28,1600,2800
SYNTH-16-29-1,1,16,29,1600,2900
SYNTH-16-30-1,1,16,30,1600,3000
SYNTH-16-31-1,1,16,31,1600,3100
SYNTH-16-32-1,1,16,32,1600,3200
SYNTH-16-33-1,1,16,33,1600,3300
SYNTH-16-34-1,1,16,34,1600,3400
SYNTH-16-35-1,1,16,35,1600,3500
SYNTH-16-36-1,1,16,36,1600,3600
SYNTH-16-37-1,1,16,37,1600,3700
SYNTH-16-38-1,1,16,38,1600,3800
SYNTH-16-39-1,1,16,39,1600,3900
SYNTH-16-40-1,1,16,40,1600,4000
SYNTH-16-41-1,1,16,41,1600,4100
SYNTH-16-42-1,1,16,42,1600,4200
SYNTH-16-43-1,1,16,43,1600,4300
SYNTH-16-44-1,1,16,44,1600,4400
SYNTH-16-45-1,1,16,45,1600,4500
SYNTH-16-46-1,1,16,46,1600,4600
SYNTH-16-47-1,1,16,47,1600,4700
SYNTH-16-48-1,1,16,48,1600,4800
SYNTH-16-49-1,1,16,49,1600,4900
SYNTH-16-50-1,1,16,50,1600,5000
SYNTH-17-1-1,1,17,1,1700,150
SYNTH-17-2-1,1,17,2,1700,250
SYNTH-17-3-1,1,17,3,1700,350
SYNTH-17-4-1,1,17,4,1700,450
SYNTH-17-5-1,1,17,5,1700,550
SYNTH-17-6-1,1,17,6,1700,650
SYNTH-17-7-1,1,17,7,1700,750
SYNTH-17-8-1,1,17,8,1700,850
SYNTH-17-9-1,1,17,9,1700,950
SYNTH-17-10-1,1,17,10,1700,1050
SYNTH-17-11-1,1,17,11,1700,1150
SYNTH-17-12-1,1,17,12,1700,1250
SYNTH-17-13-1,1,17,13,1700,1350
SYNTH-17-14-1,1,17,14,1700,1450
SYNTH-17-15-1,1,17,15,1700,1550
SYNTH-17-16-1,1,17,16,1700,1650
SYNTH-17-17-1,1,17,17,1700,1750
SYNTH-17-18-1,1,17,18,1700,1850
SYNTH-17-19-1,1,17,19,1700,1950
SYNTH-17-20-1,1,17,20,1700,2050
SYNTH-17-21-1,1,17,21,1700,2150
SYNTH-17-22-1,1,17,22,1700,2250
SYNTH-17-23-1,1,17,23,1700,2350
SYNTH-17-24-1,1,17,24,1700,2450
SYNTH-17-25-1,1,17,25,1700,2550
SYNTH-17-26-1,1,17,26,1700,2650
SYNTH-17-27-1,1,17,27,1700,2750
SYNTH-17-28-1,1,17,28,1700,2850
SYNTH-17-29-1,1,17,29,1700,2950
SYNTH-17-30-1,1,17,30,1700,3050
SYNTH-17-31-1,1,17,31,1700,3150
SYNTH-17-32-1,1,17,32,1700,3250
SYNTH-17-33-1,1,17,33,1700,3350
SYNTH-17-34-1,1,17,34,1700,3450
SYNTH-17-35-1,1,17,35,1700,3550
SYNTH-17-36-1,1,17,36,1700,3650
SYNTH-17-37-1,1,17,37,1700,3750
SYNTH-17-38-1,1,17,38,1700,3850
SYNTH-17-39-1,1,17,39,1700,3950
SYNTH-17-40-1,1,17,40,1700,4050
SYNTH-17-41-1,1,17,41,1700,4150
SYNTH-17-42-1,1,17,42,1700,4250
SYNTH-17-43-1,1,17,43,1700,4350
SYNTH-17-44-1,1,17,44,1700,4450
SYNTH-17-45-1,1,17,45,1700,4550
SYNTH-17-46-1,1,17,46,1700,4650
SYNTH-17-47-1,1,17,47,1700,4750
SYNTH-17-48-1,1,17,48,1700,4850
SYNTH-17-49-1,1,17,49,1700,4950
SYNTH-17-50-1,1,17,50,1700,5050
SYNTH-18-1-1,1,18,1,1800,100
SYNTH-18-2-1,1,18,2,1800,200
SYNTH-18-3-1,1,18,3,1800,300
SYNTH-18-4-1,1,18,4,1800,400
SYNTH-18-5-1,1,18,5,1800,500
SYNTH-18-6-1,1,18,6,1800,600
SYNTH-18-7-1,1,18,7,1800,700
SYNTH-18-8-1,1,18,8,1800,800
SYNTH-18-9-1,1,18,9,1800,900
SYNTH-18-10-1,1,18,10,1800,1000
SYNTH-18-11-1,1,18,11,1800,1100
SYNTH-18-12-1,1,18,12,1800,1200
SYNTH-18-13-1,1,18,13,1800,1300
SYNTH-18-14-1,1,18,14,1800,1400
SYNTH-18-15-1,1,18,15,1800,1500
SYNTH-18-16-1,1,18,16,1800,1600
SYNTH-18-17-1,1,18,17,1800,1700
SYNTH-18-18-1,1,18,18,1800,1800
SYNTH-18-19-1,1,18,19,1800,1900
SYNTH-18-20-1,1,18,20,1800,2000
SYNTH-18-21-1,1,18,21,1800,2100
SYNTH-18-22-1,1,18,22,1800,2200
SYNTH-18-23-1,1,18,23,1800,2300
SYNTH-18-24-1,1,18,24,1800,2400
SYNTH-18-25-1,1,18,25,1800,2500
SYNTH-18-26-1,1,18,26,1800,2600
SYNTH-18-27-1,1,18,27,1800,2700
SYNTH-18-28-1,1,18,28,1800,2800
SYNTH-18-29-1,1,18,29,1800,2900
SYNTH-18-30-1,1,18,30,1800,3000
SYNTH-18-31-1,1,18,31,1800,3100
SYNTH-18-32-1,1,18,32,1800,3200
SYNTH-18-33-1,1,18,33,1800,3300
SYNTH-18-34-1,1,18,34,1800,3400
SYNTH-18-35-1,1,18,35,1800,3500
SYNTH-18-36-1,1,18,36,1800,3600
SYNTH-18-37-1,1,18,37,1800,3700
SYNTH-18-38-1,1,18,38,1800,3800
SYNTH-18-39-1,1,18,39,1800,3900
SYNTH-18-40-1,1,18,40,1800,4000
SYNTH-18-41-1,1,18,41,1800,4100
SYNTH-18-42-1,1,18,42,1800,4200
SYNTH-18-43-1,1,18,43,1800,4300
SYNTH-18-44-1,1,18,44,1800,4400
SYNTH-18-45-1,1,18,45,1800,4500
SYNTH-18-46-1,1,18,46,1800,4600
SYNTH-18-47-1,1,18,47,1800,4700
SYNTH-18-48-1,1,18,48,1800,4800
SYNTH-18-49-1,1,18,49,1800,4900
SYNTH-18-50-1,1,18,50,1800,5000
SYNTH-19-1-1,1,19,1,1900,150
SYNTH-19-2-1,1,19,2,1900,250
SYNTH-19-3-1,1,19,3,1900,350
SYNTH-19-4-1,1,19,4,1900,450
SYNTH-19-5-1,1,19,5,1900,550
SYNTH-19-6-1,1,19,6,1900,650
SYNTH-19-7-1,1,19,7,1900,750
SYNTH-19-8-1,1,19,8,1900,850
SYNTH-19-9-1,1,19,9,1900,950
SYNTH-19-10-1,1,19,10,1900,1050
SYNTH-19-11-1,1,19,11,1900,1150
SYNTH-19-12-1,1,19,12,1900,1250
SYNTH-19-13-1,1,19,13,1900,1350
SYNTH-19-14-1,1,19,14,1900,1450
SYNTH-19-15-1,1,19,15,1900,1550
SYNTH-19-16-1,1,19,16,1900,1650
SYNTH-19-17-1,1,19,17,1900,1750
SYNTH-19-18-1,1,19,18,1900,1850
SYNTH-19-19-1,1,19,19,1900,1950
SYNTH-19-20-1,1,19,20,1900,2050
SYNTH-19-21-1,1,19,21,1900,2150
SYNTH-19-22-1,1,19,22,1900,2250
SYNTH-19-23-1,1,19,23,1900,2350
SYNTH-19-24-1,1,19,24,1900,2450
SYNTH-19-25-1,1,19,25,1900,2550
SYNTH-19-26-1,1,19,26,1900,2650
SYNTH-19-27-1,1,19,27,1900,2750
SYNTH-19-28-1,1,19,28,1900,2850
SYNTH-19-29-1,1,19,29,1900,2950
SYNTH-19-30-1,1,19,30,1900,3050
SYNTH-19-31-1,1,19,31,1900,3150
SYNTH-19-32-1,1,19,32,1900,3250
SYNTH-19-33-1,1,19,33,1900,3350
SYNTH-19-34-1,1,19,34,1900,3450
SYNTH-19-35-1,1,19,35,1900,3550
SYNTH-19-36-1,1,19,36,1900,3650
SYNTH-19-37-1,1,19,37,1900,3750
SYNTH-19-38-1,1,19,38,1900,3850
SYNTH-19-39-1,1,19,39,1900,3950
SYNTH-19-40-1,1,19,40,1900,4050
SYNTH-19-41-1,1,19,41,1900,4150
SYNTH-19-42-1,1,19,42,1900,4250
SYNTH-19-43-1,1,19,43,1900,4350
SYNTH-19-44-1,1,19,44,1900,4450
SYNTH-19-45-1,1,19,45,1900,4550
SYNTH-19-46-1,1,19,46,1900,4650
SYNTH-19-47-1,1,19,47,1900,4750
SYNTH-19-48-1,1,19,48,1900,4850
SYNTH-19-49-1,1,19,49,1900,4950
SYNTH-19-50-1,1,19,50,1900,5050
SYNTH-20-1-1,1,20,1,2000,100
SYNTH-20-2-1,1,20,2,2000,200
SYNTH-20-3-1,1,20,3,2000,300
SYNTH-20-4-1,1,20,4,2000,400
SYNTH-20-5-1,1,20,5,2000,500
SYNTH-20-6-1,1,20,6,2000,600
SYNTH-20-7-1,1,20,7,2000,700
SYNTH-20-8-1,1,20,8,2000,800
SYNTH-20-9-1,1,20,9,2000,900
SYNTH-20-10-1,1,20,10,2000,1000
SYNTH-20-11-1,1,20,11,2000,1100
SYNTH-20-12-1,1,20,12,2000,1200
SYNTH-20-13-1,1,20,13,2000,1300
SYNTH-20-14-1,1,20,14,2000,1400
SYNTH-20-15-1,1,20,15,2000,1500
SYNTH-20-16-1,1,20,16,2000,1600
SYNTH-20-17-1,1,20,17,2000,1700
SYNTH-20-18-1,1,20,18,2000,1800
SYNTH-20-19-1,1,20,19,2000,1900
SYNTH-20-20-1,1,20,20,2000,2000
SYNTH-20-21-1,1,20,21,2000,2100
SYNTH-20-22-1,1,20,22,2000,2200
SYNTH-20-23-1,1,20,23,2000,2300
SYNTH-20-24-1,1,20,24,2000,2400
SYNTH-20-25-1,1,20,25,2000,2500
SYNTH-20-26-1,1,20,26,2000,2600
SYNTH-20-27-1,1,20,27,2000,2700
SYNTH-20-28-1,1,20,28,2000,2800
SYNTH-20-29-1,1,20,29,2000,2900
SYNTH-20-30-1,1,20,30,2000,3000
SYNTH-20-31-1,1,20,31,2000,3100
SYNTH-20-32-1,1,20,32,2000,3200
SYNTH-20-33-1,1,20,33,2000,3300
SYNTH-20-34-1,1,20,34,2000,3400
SYNTH-20-35-1,1,20,35,2000,3500
SYNTH-20-36-1,1,20,36,2000,3600
SYNTH-20-37-1,1,20,37,2000,3700
SYNTH-20-38-1,1,20,38,2000,3800
SYNTH-20-39-1,1,20,39,2000,3900
SYNTH-20-40-1,1,20,40,2000,4000
SYNTH-20-41-1,1,20,41,2000,4100
SYNTH-20-42-1,1,20,42,2000,4200
SYNTH-20-43-1,1,20,43,2000,4300
SYNTH-20-44-1,1,20,44,2000,4400
SYNTH-20-45-1,1,20,45,2000,4500
SYNTH-20-46-1,1,20,46,2000,4600
SYNTH-20-47-1,1,20,47,2000,4700
SYNTH-20-48-1,1,20,48,2000,4800
SYNTH-20-49-1,1,20,49,2000,4900
SYNTH-20-50-1,1,20,50,2000,5000
SYNTH-21-1-1,1,21,1,2100,150
SYNTH-21-2-1,1,21,2,2100,250
SYNTH-21-3-1,1,21,3,2100,350
SYNTH-21-4-1,1,21,4,2100,450
SYNTH-21-5-1,1,21,5,2100,550
SYNTH-21-6-1,1,21,6,2100,650
SYNTH-21-7-1,1,21,7,2100,750
SYNTH-21-8-1,1,21,8,2100,850
SYNTH-21-9-1,1,21,9,2100,950
SYNTH-21-10-1,1,21,10,2100,1050
SYNTH-21-11-1,1,21,11,2100,1150
SYNTH-21-12-1,1,21,12,2100,1250
SYNTH-21-13-1,1,21,13,2100,1350
SYNTH-21-14-1,1,21,14,2100,1450
SYNTH-21-15-1,1,21,15,2100,1550
SYNTH-21-16-1,1,21,16,2100,1650
SYNTH-21-17-1,1,21,17,2100,1750
SYNTH-21-18-1,1,21,18,2100,1850
SYNTH-21-19-1,1,21,19,2100,1950
SYNTH-21-20-1,1,21,20,2100,2050
SYNTH-21-21-1,1,21,21,2100,2150
SYNTH-21-22-1,1,21,22,2100,2250
SYNTH-21-23-1,1,21,23,2100,2350
SYNTH-21-24-1,1,21,24,2100,2450
SYNTH-21-25-1,1,21,25,2100,2550
SYNTH-21-26-1,1,21,26,2100,2650
SYNTH-21-27-1,1,21,27,2100,2750
SYNTH-21-28-1,1,21,28,2100,2850
SYNTH-21-29-1,1,21,29,2100,2950
SYNTH-21-30-1,1,21,30,2100,3050
SYNTH-21-31-1,1,21,31,2100,3150
SYNTH-21-32-1,1,21,32,2100,3250
SYNTH-21-33-1,1,21,33,2100,3350
SYNTH-21-34-1,1,21,34,2100,3450
SYNTH-21-35-1,1,21,35,2100,3550
SYNTH-21-36-1,1,21,36,2100,3650
SYNTH-21-37-1,1,21,37,2100,3750
SYNTH-21-38-1,1,21,38,2100,3850
SYNTH-21-39-1,1,21,39,2100,3950
SYNTH-21-40-1,1,21,40,2100,4050
SYNTH-21-41-1,1,21,41,2100,4150
SYNTH-21-42-1,1,21,42,2100,4250
SYNTH-21-43-1,1,21,43,2100,4350
SYNTH-21-44-1,1,21,44,2100,4450
SYNTH-21-45-1,1,21,45,2100,4550
SYNTH-21-46-1,1,21,46,2100,4650
SYNTH-21-47-1,1,21,47,2100,4750
SYNTH-21-48-1,1,21,48,2100,4850
SYNTH-21-49-1,1,21,49,2100,4950
SYNTH-21-50-1,1,21,50,2100,5050
SYNTH-22-1-1,1,22,1,2200,100
SYNTH-22-2-1,1,22,2,2200,200
SYNTH-22-3-1,1,22,3,2200,300
SYNTH-22-4-1,1,22,4,2200,400
SYNTH-22-5-1,1,22,5,2200,500
SYNTH-22-6-1,1,22,6,2200,600
SYNTH-22-7-1,1,22,7,2200,700
SYNTH-22-8-1,1,22,8,2200,800
SYNTH-22-9-1,1,22,9,2200,900
SYNTH-22-10-1,1,22,10,2200,1000
SYNTH-22-11-1,1,22,11,2200,1100
SYNTH-22-12-1,1,22,12,2200,1200
SYNTH-22-13-1,1,22,13,2200,1300
SYNTH-22-14-1,1,22,14,2200,1400
SYNTH-22-15-1,1,22,15,2200,1500
SYNTH-22-16-1,1,22,16,2200,1600
SYNTH-22-17-1,1,22,17,2200,1700
SYNTH-22-18-1,1,22,18,2200,1800
SYNTH-22-19-1,1,22,19,2200,1900
SYNTH-22-20-1,1,22,20,2200,2000
SYNTH-22-21-1,1,22,21,2200,2100
SYNTH-22-22-1,1,22,22,2200,2200
SYNTH-22-23-1,1,22,23,2200,2300
SYNTH-22-24-1,1,22,24,2200,2400
SYNTH-22-25-1,1,22,25,2200,2500
SYNTH-22-26-1,1,22,26,2200,2600
SYNTH-22-27-1,1,22,27,2200,2700
SYNTH-22-28-1,1,22,28,2200,2800
SYNTH-22-29-1,1,22,29,2200,2900
SYNTH-22-30-1,1,22,30,2200,3000
SYNTH-22-31-1,1,22,31,2200,3100
SYNTH-22-32-1,1,22,32,2200,3200
SYNTH-22-33-1,1,22,33,2200,3300
SYNTH-22-34-1,1,22,34,2200,3400
SYNTH-22-35-1,1,22,35,2200,3500
SYNTH-22-36-1,1,22,36,2200,3600
SYNTH-22-37-1,1,22,37,2200,3700
SYNTH-22-38-1,1,22,38,2200,3800
SYNTH-22-39-1,1,22,39,2200,3900
SYNTH-22-40-1,1,22,40,2200,4000
SYNTH-22-41-1,1,22,41,2200,4100
SYNTH-22-42-1,1,22,42,2200,4200
SYNTH-22-43-1,1,22,43,2200,4300
SYNTH-22-44-1,1,22,44,2200,4400
SYNTH-22-45-1,1,22,45,2200,4500
SYNTH-22-46-1,1,22,46,2200,4600
SYNTH-22-47-1,1,22,47,2200,4700
SYNTH-22-48-1,1,22,48,2200,4800
SYNTH-22-49-1,1,22,49,2200,4900
SYNTH-22-50-1,1,22,50,2200,5000
SYNTH-23-1-1,1,23,1,2300,150
SYNTH-23-2-1,1,23,2,2300,250
SYNTH-23-3-1,1,23,3,2300,350
SYNTH-23-4-1,1,23,4,2300,450
SYNTH-23-5-1,1,23,5,2300,550
SYNTH-23-6-1,1,23,6,2300,650
SYNTH-23-7-1,1,23,7,2300,750
SYNTH-23-8-1,1,23,8,2300,850
SYNTH-23-9-1,1,23,9,2300,950
SYNTH-23-10-1,1,23,10,2300,1050
SYNTH-23-11-1,1,23,11,2300,1150
SYNTH-23-12-1,1,23,12,2300,1250
SYNTH-23-13-1,1,23,13,2300,1350
SYNTH-23-14-1,1,23,14,2300,1450
SYNTH-23-15-1,1,23,15,2300,1550
SYNTH-23-16-1,1,23,16,2300,1650
SYNTH-23-17-1,1,23,17,2300,1750
SYNTH-23-18-1,1,23,18,2300,1850
SYNTH-23-19-1,1,23,19,2300,1950
SYNTH-23-20-1,1,23,20,2300,2050
SYNTH-23-21-1,1,23,21,2300,2150
SYNTH-23-22-1,1,23,22,2300,2250
SYNTH-23-23-1,1,23,23,2300,2350
SYNTH-23-24-1,1,23,24,2300,2450
SYNTH-23-25-1,1,23,25,2300,2550
SYNTH-23-26-1,1,23,26,2300,2650
SYNTH-23-27-1,1,23,27,2300,2750
SYNTH-23-28-1,1,23,28,2300,2850
SYNTH-23-29-1,1,23,29,2300,2950
SYNTH-23-30-1,1,23,30,2300,3050
SYNTH-23-31-1,1,23,31,2300,3150
SYNTH-23-32-1,1,23,32,2300,3250
SYNTH-23-33-1,1,23,33,2300,3350
SYNTH-23-34-1,1,23,34,2300,3450
SYNTH-23-35-1,1,23,35,2300,3550
SYNTH-23-36-1,1,23,36,2300,3650
SYNTH-23-37-1,1,23,37,2300,3750
SYNTH-23-38-1,1,23,38,2300,3850
SYNTH-23-39-1,1,23,39,2300,3950
SYNTH-23-40-1,1,23,40,2300,4050
SYNTH-23-41-1,1,23,41,2300,4150
SYNTH-23-42-1,1,23,42,2300,4250
SYNTH-23-43-1,1,23,43,2300,4350
SYNTH-23-44-1,1,23,44,2300,4450
SYNTH-23-45-1,1,23,45,2300,4550
SYNTH-23-46-1,1,23,46,2300,4650
SYNTH-23-47-1,1,23,47,2300,4750
SYNTH-23-48-1,1,23,48,2300,4850
SYNTH-23-49-1,1,23,49,2300,4950
SYNTH-23-50-1,1,23,50,2300,5050
SYNTH-24-1-1,1,24,1,2400,100
SYNTH-24-2-1,1,24,2,2400,200
SYNTH-24-3-1,1,24,3,2400,300
SYNTH-24-4-1,1,24,4,2400,400
SYNTH-24-5-1,1,24,5,2400,500
SYNTH-24-6-1,1,24,6,2400,600
SYNTH-24-7-1,1,24,7,2400,700
SYNTH-24-8-1,1,24,8,2400,800
SYNTH-24-9-1,1,24,9,2400,900
SYNTH-24-10-1,1,24,10,2400,1000
SYNTH-24-11-1,1,24,11,2400,1100
SYNTH-24-12-1,1,24,12,2400,1200
SYNTH-24-13-1,1,24,13,2400,1300
SYNTH-24-14-1,1,24,14,2400,1400
SYNTH-24-15-1,1,24,15,2400,1500
SYNTH-24-16-1,1,24,16,2400,1600
SYNTH-24-17-1,1,24,17,2400,1700
SYNTH-24-18-1,1,24,18,2400,1800
SYNTH-24-19-1,1,24,19,2400,1900
SYNTH-24-20-1,1,24,20,2400,2000
SYNTH-24-21-1,1,24,21,2400,2100
SYNTH-24-22-1,1,24,22,2400,2200
SYNTH-24-23-1,1,24,23,2400,2300
SYNTH-24-24-1,1,24,24,2400,2400
SYNTH-24-25-1,1,24,25,2400,2500
SYNTH-24-26-1,1,24,26,2400,2600
SYNTH-24-27-1,1,24,27,2400,2700
SYNTH-24-28-1,1,24,28,2400,2800
SYNTH-24-29-1,1,24,29,2400,2900
SYNTH-24-30-1,1,24,30,2400,3000
SYNTH-24-31-1,1,24,31,2400,3100
SYNTH-24-32-1,1,24,32,2400,3200
SYNTH-24-33-1,1,24,33,2400,3300
SYNTH-24-34-1,1,24,34,2400,3400
SYNTH-24-35-1,1,24,35,2400,3500
SYNTH-24-36-1,1,24,36,2400,3600
SYNTH-24-37-1,1,24,37,2400,3700
SYNTH-24-38-1,1,24,38,2400,3800
SYNTH-24-39-1,1,24,39,2400,3900
SYNTH-24-40-1,1,24,40,2400,4000
SYNTH-24-41-1,1,24,41,2400,4100
SYNTH-24-42-1,1,24,42,2400,4200
SYNTH-24-43-1,1,24,43,2400,4300
SYNTH-24-44-1,1,24,44,2400,4400
SYNTH-24-45-1,1,24,45,2400,4500
SYNTH-24-46-1,1,24,46,2400,4600
SYNTH-24-47-1,1,24,47,2400,4700
SYNTH-24-48-1,1,24,48,2400,4800
SYNTH-24-49-1,1,24,49,2400,4900
SYNTH-24-50-1,1,24,50,2400,5000
SYNTH-25-1-1,1,25,1,2500,150
SYNTH-25-2-1,1,25,2,2500,250
SYNTH-25-3-1,1,25,3,2500,350
SYNTH-25-4-1,1,25,4,2500,450
SYNTH-25-5-1,1,25,5,2500,550
SYNTH-25-6-1,1,25,6,2500,650
SYNTH-25-7-1,1,25,7,2500,750
SYNTH-25-8-1,1,25,8,2500,850
SYNTH-25-9-1,1,25,9,2500,950
SYNTH-25-10-1,1,25,10,2500,1050
SYNTH-25-11-1,1,25,11,2500,1150
SYNTH-25-12-1,1,25,12,2500,1250
SYNTH-25-13-1,1,25,13,2500,1350
SYNTH-25-14-1,1,25,14,2500,1450
SYNTH-25-15-1,1,25,15,2500,1550
SYNTH-25-16-1,1,25,16,2500,1650
SYNTH-25-17-1,1,25,17,2500,1750
SYNTH-25-18-1,1,25,18,2500,1850
SYNTH-25-19-1,1,25,19,2500,1950
SYNTH-25-20-1,1,25,20,2500,2050
SYNTH-25-21-1,1,25,21,2500,2150
SYNTH-25-22-1,1,25,22,2500,2250
SYNTH-25-23-1,1,25,23,2500,2350
SYNTH-25-24-1,1,25,24,2500,2450
SYNTH-25-25-1,1,25,25,2500,2550
SYNTH-25-26-1,1,25,26,2500,2650
SYNTH-25-27-1,1,25,27,2500,2750
SYNTH-25-28-1,1,25,28,2500,2850
SYNTH-25-29-1,1,25,29,2500,2950
SYNTH-25-30-1,1,25,30,2500,3050
SYNTH-25-31-1,1,25,31,2500,3150
SYNTH-25-32-1,1,25,32,2500,3250
SYNTH-25-33-1,1,25,33,2500,3350
SYNTH-25-34-1,1,25,34,2500,3450
SYNTH-25-35-1,1,25,35,2500,3550
SYNTH-25-36-1,1,25,36,2500,3650
SYNTH-25-37-1,1,25,37,2500,3750
SYNTH-25-38-1,1,25,38,2500,3850
SYNTH-25-39-1,1,25,39,2500,3950
SYNTH-25-40-1,1,25,40,2500,4050
SYNTH-25-41-1,1,25,41,2500,4150
SYNTH-25-42-1,1,25,42,2500,4250
SYNTH-25-43-1,1,25,43,2500,4350
SYNTH-25-44-1,1,25,44,2500,4450
SYNTH-25-45-1,1,25,45,2500,4550
SYNTH-25-46-1,1,25,46,2500,4650
SYNTH-25-47-1,1,25,47,2500,4750
SYNTH-25-48-1,1,25,48,2500,4850
SYNTH-25-49-1,1,25,49,2500,4950
SYNTH-25-50-1,1,25,50,2500,5050
SYNTH-26-1-1,1,26,1,2600,100
SYNTH-26-2-1,1,26,2,2600,200
SYNTH-26-3-1,1,26,3,2600,300
SYNTH-26-4-1,1,26,4,2600,400
SYNTH-26-5-1,1,26,5,2600,500
SYNTH-26-6-1,1,26,6,2600,600
SYNTH-26-7-1,1,26,7,2600,700
SYNTH-26-8-1,1,26,8,2600,800
SYNTH-26-9-1,1,26,9,2600,900
SYNTH-26-10-1,1,26,10,2600,1000
SYNTH-26-11-1,1,26,11,2600,1100
SYNTH-26-12-1,1,26,12,2600,1200
SYNTH-26-13-1,1,26,13,2600,1300
SYNTH-26-14-1,1,26,14,2600,1400
SYNTH-26-15-1,1,26,15,2600,1500
SYNTH-26-16-1,1,26,16,2600,1600
SYNTH-26-17-1,1,26,17,2600,1700
SYNTH-26-18-1,1,26,18,2600,1800
SYNTH-26-19-1,1,26,19,2600,1900
SYNTH-26-20-1,1,26,20,2600,2000
SYNTH-26-21-1,1,26,21,2600,2100
SYNTH-26-22-1,1,26,22,2600,2200
SYNTH-26-23-1,1,26,23,2600,2300
SYNTH-26-24-1,1,26,24,2600,2400
SYNTH-26-25-1,1,26,25,2600,2500
SYNTH-26-26-1,1,26,26,2600,2600
SYNTH-26-27-1,1,26,27,2600,2700
SYNTH-26-28-1,1,26,28,2600,2800
SYNTH-26-29-1,1,26,29,2600,2900
SYNTH-26-30-1,1,26,30,2600,3000
SYNTH-26-31-1,1,26,31,2600,3100
SYNTH-26-32-1,1,26,32,2600,3200
SYNTH-26-33-1,1,26,33,2600,3300
SYNTH-26-34-1,1,26,34,2600,3400
SYNTH-26-35-1,1,26,35,2600,3500
SYNTH-26-36-1,1,26,36,2600,3600
SYNTH-26-37-1,1,26,37,2600,3700
SYNTH-26-38-1,1,26,38,2600,3800
SYNTH-26-39-1,1,26,39,2600,3900
SYNTH-26-40-1,1,26,40,2600,4000
SYNTH-26-41-1,1,26,41,2600,4100
SYNTH-26-42-1,1,26,42,2600,4200
SYNTH-26-43-1,1,26,43,2600,4300
SYNTH-26-44-1,1,26,44,2600,4400
SYNTH-26-45-1,1,26,45,2600,4500
SYNTH-26-46-1,1,26,46,2600,4600
SYNTH-26-47-1,1,26,47,2600,4700
SYNTH-26-48-1,1,26,48,2600,4800
SYNTH-26-49-1,1,26,49,2600,4900
SYNTH-26-50-1,1,26,50,2600,5000
SYNTH-27-1-1,1,27,1,2700,150
SYNTH-27-2-1,1,27,2,2700,250
SYNTH-27-3-1,1,27,3,2700,350
SYNTH-27-4-1,1,27,4,2700,450
SYNTH-27-5-1,1,27,5,2700,550
SYNTH-27-6-1,1,27,6,2700,650
SYNTH-27-7-1,1,27,7,2700,750
SYNTH-27-8-1,1,27,8,2700,850
SYNTH-27-9-1,1,27,9,2700,950
SYNTH-27-10-1,1,27,10,2700,1050
SYNTH-27-11-1,1,27,11,2700,1150
SYNTH-27-12-1,1,27,12,2700,1250
SYNTH-27-13-1,1,27,13,2700,1350
SYNTH-27-14-1,1,27,14,2700,1450
SYNTH-27-15-1,1,27,15,2700,1550
SYNTH-27-16-1,1,27,16,2700,1650
SYNTH-27-17-1,1,27,17,2700,1750
SYNTH-27-18-1,1,27,18,2700,1850
SYNTH-27-19-1,1,27,19,2700,1950
SYNTH-27-20-1,1,27,20,2700,2050
SYNTH-27-21-1,1,27,21,2700,2150
SYNTH-27-22-1,1,27,22,2700,2250
SYNTH-27-23-1,1,27,23,2700,2350
SYNTH-27-24-1,1,27,24,2700,2450
SYNTH-27-25-1,1,27,25,2700,2550
SYNTH-27-26-1,1,27,26,2700,2650
SYNTH-27-27-1,1,27,27,2700,2750
SYNTH-27-28-1,1,27,28,2700,2850
SYNTH-27-29-1,1,27,29,2700,2950
SYNTH-27-30-1,1,27,30,2700,3050
SYNTH-27-31-1,1,27,31,2700,3150
SYNTH-27-32-1,1,27,32,2700,3250
SYNTH-27-33-1,1,27,33,2700,3350
SYNTH-27-34-1,1,27,34,2700,3450
SYNTH-27-35-1,1,27,35,2700,3550
SYNTH-27-36-1,1,27,36,2700,3650
SYNTH-27-37-1,1,27,37,2700,3750
SYNTH-27-38-1,1,27,38,2700,3850
SYNTH-27-39-1,1,27,39,2700,3950
SYNTH-27-40-1,1,27,40,2700,4050
SYNTH-27-41-1,1,27,41,2700,4150
SYNTH-27-42-1,1,27,42,2700,4250
SYNTH-27-43-1,1,27,43,2700,4350
SYNTH-27-44-1,1,27,44,2700,4450
SYNTH-27-45-1,1,27,45,2700,4550
SYNTH-27-46-1,1,27,46,2700,4650
SYNTH-27-47-1,1,27,47,2700,4750
SYNTH-27-48-1,1,27,48,2700,4850
SYNTH-27-49-1,1,27,49,2700,4950
SYNTH-27-50-1,1,27,50,2700,5050
SYNTH-28-1-1,1,28,1,2800,100
SYNTH-28-2-1,1,28,2,2800,200
SYNTH-28-3-1,1,28,3,2800,300
SYNTH-28-4-1,1,28,4,2800,400
SYNTH-28-5-1,1,28,5,2800,500
SYNTH-28-6-1,1,28,6,2800,600
SYNTH-28-7-1,1,28,7,2800,700
SYNTH-28-8-1,1,28,8,2800,800
SYNTH-28-9-1,1,28,9,2800,900
SYNTH-28-10-1,1,28,10,2800,1000
SYNTH-28-11-1,1,28,11,2800,1100
SYNTH-28-12-1,1,28,12,2800,1200
SYNTH-28-13-1,1,28,13,2800,1300
SYNTH-28-14-1,1,28,14,2800,1400
SYNTH-28-15-1,1,28,15,2800,1500
SYNTH-28-16-1,1,28,16,2800,1600
SYNTH-28-17-1,1,28,17,2800,1700
SYNTH-28-18-1,1,28,18,2800,1800
SYNTH-28-19-1,1,28,19,2800,1900
SYNTH-28-20-1,1,28,20,2800,2000
SYNTH-28-21-1,1,28,21,2800,2100
SYNTH-28-22-1,1,28,22,2800,2200
SYNTH-28-23-1,1,28,23,2800,2300
SYNTH-28-24-1,1,28,24,2800,2400
SYNTH-28-25-1,1,28,25,2800,2500
SYNTH-28-26-1,1,28,26,2800,2600
SYNTH-28-27-1,1,28,27,2800,2700
SYNTH-28-28-1,1,28,28,2800,2800
SYNTH-28-29-1,1,28,29,2800,2900
SYNTH-28-30-1,1,28,30,2800,3000
SYNTH-28-31-1,1,28,31,2800,3100
SYNTH-28-32-1,1,28,32,2800,3200
SYNTH-28-33-1,1,28,33,2800,3300
SYNTH-28-34-1,1,28,34,2800,3400
SYNTH-28-35-1,1,28,35,2800,3500
SYNTH-28-36-1,1,28,36,2800,3600
SYNTH-28-37-1,1,28,37,2800,3700
SYNTH-28-38-1,1,28,38,2800,3800
SYNTH-28-39-1,1,28,39,2800,3900
SYNTH-28-40-1,1,28,40,2800,4000
SYNTH-28-41-1,1,28,41,2800,4100
SYNTH-28-42-1,1,28,42,2800,4200
SYNTH-28-43-1,1,28,43,2800,4300
SYNTH-28-44-1,1,28,44,2800,4400
SYNTH-28-45-1,1,28,45,2800,4500
SYNTH-28-46-1,1,28,46,2800,4600
SYNTH-28-47-1,1,28,47,2800,4700
SYNTH-28-48-1,1,28,48,2800,4800
SYNTH-28-49-1,1,28,49,2800,4900
SYNTH-28-50-1,1,28,50,2800,5000
SYNTH-29-1-1,1,29,1,2900,150
SYNTH-29-2-1,1,29,2,2900,250
SYNTH-29-3-1,1,29,3,2900,350
SYNTH-29-4-1,1,29,4,2900,450
SYNTH-29-5-1,1,29,5,2900,550
SYNTH-29-6-1,1,29,6,2900,650
SYNTH-29-7-1,1,29,7,2900,750
SYNTH-29-8-1,1,29,8,2900,850
SYNTH-29-9-1,1,29,9,2900,950
SYNTH-29-10-1,1,29,10,2900,1050
SYNTH-29-11-1,1,29,11,2900,1150
SYNTH-29-12-1,1,29,12,2900,1250
SYNTH-29-13-1,1,29,13,2900,1350
SYNTH-29-14-1,1,29,14,2900,1450
SYNTH-29-15-1,1,29,15,2900,1550
SYNTH-29-16-1,1,29,16,2900,1650
SYNTH-29-17-1,1,29,17,2900,1750
SYNTH-29-18-1,1,29,18,2900,1850
SYNTH-29-19-1,1,29,19,2900,1950
SYNTH-29-20-1,1,29,20,2900,2050
SYNTH-29-21-1,1,29,21,2900,2150
SYNTH-29-22-1,1,29,22,2900,2250
SYNTH-29-23-1,1,29,23,2900,2350
SYNTH-29-24-1,1,29,24,2900,2450
SYNTH-29-25-1,1,29,25,2900,2550
SYNTH-29-26-1,1,29,26,2900,2650
SYNTH-29-27-1,1,29,27,2900,2750
SYNTH-29-28-1,1,29,28,2900,2850
SYNTH-29-29-1,1,29,29,2900,2950
SYNTH-29-30-1,1,29,30,2900,3050
SYNTH-29-31-1,1,29,31,2900,3150
SYNTH-29-32-1,1,29,32,2900,3250
SYNTH-29-33-1,1,29,33,2900,3350
SYNTH-29-34-1,1,29,34,2900,3450
SYNTH-29-35-1,1,29,35,2900,3550
SYNTH-29-36-1,1,29,36,2900,3650
SYNTH-29-37-1,1,29,37,2900,3750
SYNTH-29-38-1,1,29,38,2900,3850
SYNTH-29-39-1,1,29,39,2900,3950
SYNTH-29-40-1,1,29,40,2900,4050
SYNTH-29-41-1,1,29,41,2900,4150
SYNTH-29-42-1,1,29,42,2900,4250
SYNTH-29-43-1,1,29,43,2900,4350
SYNTH-29-44-1,1,29,44,2900,4450
SYNTH-29-45-1,1,29,45,2900,4550
SYNTH-29-46-1,1,29,46,2900,4650
SYNTH-29-47-1,1,29,47,2900,4750
SYNTH-29-48-1,1,29,48,2900,4850
SYNTH-29-49-1,1,29,49,2900,4950
SYNTH-29-50-1,1,29,50,2900,5050
SYNTH-30-1-1,1,30,1,3000,100
SYNTH-30-2-1,1,30,2,3000,200
SYNTH-30-3-1,1,30,3,3000,300
SYNTH-30-4-1,1,30,4,3000,400
SYNTH-30-5-1,1,30,5,3000,500
SYNTH-30-6-1,1,30,6,3000,600
SYNTH-30-7-1,1,30,7,3000,700
SYNTH-30-8-1,1,30,8,3000,800
SYNTH-30-9-1,1,30,9,3000,900
SYNTH-30-10-1,1,30,10,3000,1000
SYNTH-30-11-1,1,30,11,3000,1100
SYNTH-30-12-1,1,30,12,3000,1200
SYNTH-30-13-1,1,30,13,3000,1300
SYNTH-30-14-1,1,30,14,3000,1400
SYNTH-30-15-1,1,30,15,3000,1500
SYNTH-30-16-1,1,30,16,3000,1600
SYNTH-30-17-1,1,30,17,3000,1700
SYNTH-30-18-1,1,30,18,3000,1800
SYNTH-30-19-1,1,30,19,3000,1900
SYNTH-30-20-1,1,30,20,3000,2000
SYNTH-30-21-1,1,30,21,3000,2100
SYNTH-30-22-1,1,30,22,3000,2200
SYNTH-30-23-1,1,30,23,3000,2300
SYNTH-30-24-1,1,30,24,3000,2400
SYNTH-30-25-1,1,30,25,3000,2500
SYNTH-30-26-1,1,30,26,3000,2600
SYNTH-30-27-1,1,30,27,3000,2700
SYNTH-30-28-1,1,30,28,3000,2800
SYNTH-30-29-1,1,30,29,3000,2900
SYNTH-30-30-1,1,30,30,3000,3000
SYNTH-30-31-1,1,30,31,3000,3100
SYNTH-30-32-1,1,30,32,3000,3200
SYNTH-30-33-1,1,30,33,3000,3300
SYNTH-30-34-1,1,30,34,3000,3400
SYNTH-30-35-1,1,30,35,3000,3500
SYNTH-30-36-1,1,30,36,3000,3600
SYNTH-30-37-1,1,30,37,3000,3700
SYNTH-30-38-1,1,30,38,3000,3800
SYNTH-30-39-1,1,30,39,3000,3900
SYNTH-30-40-1,1,30,40,3000,4000
SYNTH-30-41-1,1,30,41,3000,4100
SYNTH-30-42-1,1,30,42,3000,4200
SYNTH-30-43-1,1,30,43,3000,4300
SYNTH-30-44-1,1,30,44,3000,4400
SYNTH-30-45-1,1,30,45,3000,4500
SYNTH-30-46-1,1,30,46,3000,4600
SYNTH-30-47-1,1,30,47,3000,4700
SYNTH-30-48-1,1,30,48,3000,4800
SYNTH-30-49-1,1,30,49,3000,4900
SYNTH-30-50-1,1,30,50,3000,5000
SYNTH-31-1-1,1,31,1,3100,150
SYNTH-31-2-1,1,31,2,3100,250
SYNTH-31-3-1,1,31,3,3100,350
SYNTH-31-4-1,1,31,4,3100,450
SYNTH-31-5-1,1,31,5,3100,550
SYNTH-31-6-1,1,31,6,3100,650
SYNTH-31-7-1,1,31,7,3100,750
SYNTH-31-8-1,1,31,8,3100,850
SYNTH-31-9-1,1,31,9,3100,950
SYNTH-31-10-1,1,31,10,3100,1050
SYNTH-31-11-1,1,31,11,3100,1150
SYNTH-31-12-1,1,31,12,3100,1250
SYNTH-31-13-1,1,31,13,3100,1350
SYNTH-31-14-1,1,31,14,3100,1450
SYNTH-31-15-1,1,31,15,3100,1550
SYNTH-31-16-1,1,31,16,3100,1650
SYNTH-31-17-1,1,31,17,3100,1750
SYNTH-31-18-1,1,31,18,3100,1850
SYNTH-31-19-1,1,31,19,3100,1950
SYNTH-31-20-1,1,31,20,3100,2050
SYNTH-31-21-1,1,31,21,3100,2150
SYNTH-31-22-1,1,31,22,3100,2250
SYNTH-31-23-1,1,31,23,3100,2350
SYNTH-31-24-1,1,31,24,3100,2450
SYNTH-31-25-1,1,31,25,3100,2550
SYNTH-31-26-1,1,31,26,3100,2650
SYNTH-31-27-1,1,31,27,3100,2750
SYNTH-31-28-1,1,31,28,3100,2850
SYNTH-31-29-1,1,31,29,3100,2950
SYNTH-31-30-1,1,31,30,3100,3050
SYNTH-31-31-1,1,31,31,3100,3150
SYNTH-31-32-1,1,31,32,3100,3250
SYNTH-31-33-1,1,31,33,3100,3350
SYNTH-31-34-1,1,31,34,3100,3450
SYNTH-31-35-1,1,31,35,3100,3550
SYNTH-31-36-1,1,31,36,3100,3650
SYNTH-31-37-1,1,31,37,3100,3750
SYNTH-31-38-1,1,31,38,3100,3850
SYNTH-31-39-1,1,31,39,3100,3950
SYNTH-31-40-1,1,31,40,3100,4050
SYNTH-31-41-1,1,31,41,3100,4150
SYNTH-31-42-1,1,31,42,3100,4250
SYNTH-31-43-1,1,31,43,3100,4350
SYNTH-31-44-1,1,31,44,3100,4450
SYNTH-31-45-1,1,31,45,3100,4550
SYNTH-31-46-1,1,31,46,3100,4650
SYNTH-31-47-1,1,31,47,3100,4750
SYNTH-31-48-1,1,31,48,3100,4850
SYNTH-31-49-1,1,31,49,3100,4950
SYNTH-31-50-1,1,31,50,3100,5050
SYNTH-32-1-1,1,32,1,3200,100
SYNTH-32-2-1,1,32,2,3200,200
SYNTH-32-3-1,1,32,3,3200,300
SYNTH-32-4-1,1,32,4,3200,400
SYNTH-32-5-1,1,32,5,3200,500
SYNTH-32-6-1,1,32,6,3200,600
SYNTH-32-7-1,1,32,7,3200,700
SYNTH-32-8-1,1,32,8,3200,800
SYNTH-32-9-1,1,32,9,3200,900
SYNTH-32-10-1,1,32,10,3200,1000
SYNTH-32-11-1,1,32,11,3200,1100
SYNTH-32-12-1,1,32,12,3200,1200
SYNTH-32-13-1,1,32,13,3200,1300
SYNTH-32-14-1,1,32,14,3200,1400
SYNTH-32-15-1,1,32,15,3200,1500
SYNTH-32-16-1,1,32,16,3200,1600
SYNTH-32-17-1,1,32,17,3200,1700
SYNTH-32-18-1,1,32,18,3200,1800
SYNTH-32-19-1,1,32,19,3200,1900
SYNTH-32-20-1,1,32,20,3200,2000
SYNTH-32-21-1,1,32,21,3200,2100
SYNTH-32-22-1,1,32,22,3200,2200
SYNTH-32-23-1,1,32,23,3200,2300
SYNTH-32-24-1,1,32,24,3200,2400
SYNTH-32-25-1,1,32,25,3200,2500
SYNTH-32-26-1,1,32,26,3200,2600
SYNTH-32-27-1,1,32,27,3200,2700
SYNTH-32-28-1,1,32,28,3200,2800
SYNTH-32-29-1,1,32,29,3200,2900
SYNTH-32-30-1,1,32,30,3200,3000
SYNTH-32-31-1,1,32,31,3200,3100
SYNTH-32-32-1,1,32,32,3200,3200
SYNTH-32-33-1,1,32,33,3200,3300
SYNTH-32-34-1,1,32,34,3200,3400
SYNTH-32-35-1,1,32,35,3200,3500
SYNTH-32-36-1,1,32,36,3200,3600
SYNTH-32-37-1,1,32,37,3200,3700
SYNTH-32-38-1,1,32,38,3200,3800
SYNTH-32-39-1,1,32,39,3200,3900
SYNTH-32-40-1,1,32,40,3200,4000
SYNTH-32-41-1,1,32,41,3200,4100
SYNTH-32-42-1,1,32,42,3200,4200
SYNTH-32-43-1,1,32,43,3200,4300
SYNTH-32-44-1,1,32,44,3200,4400
SYNTH-32-45-1,1,32,45,3200,4500
SYNTH-32-46-1,1,32,46,3200,4600
SYNTH-32-47-1,1,32,47,3200,4700
SYNTH-32-48-1,1,32,48,3200,4800
SYNTH-32-49-1,1,32,49,3200,4900
SYNTH-32-50-1,1,32,50,3200,5000
SYNTH-33-1-1,1,33,1,3300,150
SYNTH-33-2-1,1,33,2,3300,250
SYNTH-33-3-1,1,33,3,3300,350
SYNTH-33-4-1,1,33,4,3300,450
SYNTH-33-5-1,1,33,5,3300,550
SYNTH-33-6-1,1,33,6,3300,650
SYNTH-33-7-1,1,33,7,3300,750
SYNTH-33-8-1,1,33,8,3300,850
SYNTH-33-9-1,1,33,9,3300,950
SYNTH-33-10-1,1,33,10,3300,1050
SYNTH-33-11-1,1,33,11,3300,1150
SYNTH-33-12-1,1,33,12,3300,1250
SYNTH-33-13-1,1,33,13,3300,1350
SYNTH-33-14-1,1,33,14,3300,1450
SYNTH-33-15-1,1,33,15,3300,1550
SYNTH-33-16-1,1,33,16,3300,1650
SYNTH-33-17-1,1,33,17,3300,1750
SYNTH-33-18-1,1,33,18,3300,1850
SYNTH-33-19-1,1,33,19,3300,1950
SYNTH-33-20-1,1,33,20,3300,2050
SYNTH-33-21-1,1,33,21,3300,2150
SYNTH-33-22-1,1,33,22,3300,2250
SYNTH-33-23-1,1,33,23,3300,2350
SYNTH-33-24-1,1,33,24,3300,2450
SYNTH-33-25-1,1,33,25,3300,2550
SYNTH-33-26-1,1,33,26,3300,2650
SYNTH-33-27-1,1,33,27,3300,2750
SYNTH-33-28-1,1,33,28,3300,2850
SYNTH-33-29-1,1,33,29,3300,2950
SYNTH-33-30-1,1,33,30,3300,3050
SYNTH-33-31-1,1,33,31,3300,3150
SYNTH-33-32-1,1,33,32,3300,3250
SYNTH-33-33-1,1,33,33,3300,3350
SYNTH-33-34-1,1,33,34,3300,3450
SYNTH-33-35-1,1,33,35,3300,3550
SYNTH-33-36-1,1,33,36,3300,3650
SYNTH-33-37-1,1,33,37,3300,3750
SYNTH-33-38-1,1,33,38,3300,3850
SYNTH-33-39-1,1,33,39,3300,3950
SYNTH-33-40-1,1,33,40,3300,4050
SYNTH-33-41-1,1,33,41,3300,4150
SYNTH-33-42-1,1,33,42,3300,4250
SYNTH-33-43-1,1,33,43,3300,4350
SYNTH-33-44-1,1,33,44,3300,4450
SYNTH-33-45-1,1,33,45,3300,4550
SYNTH-33-46-1,1,33,46,3300,4650
SYNTH-33-47-1,1,33,47,3300,4750
SYNTH-33-48-1,1,33,48,3300,4850
SYNTH-33-49-1,1,33,49,3300,4950
SYNTH-33-50-1,1,33,50,3300,5050
SYNTH-34-1-1,1,34,1,3400,100
SYNTH-34-2-1,1,34,2,3400,200
SYNTH-34-3-1,1,34,3,3400,300
SYNTH-34-4-1,1,34,4,3400,400
SYNTH-34-5-1,1,34,5,3400,500
SYNTH-34-6-1,1,34,6,3400,600
SYNTH-34-7-1,1,34,7,3400,700
SYNTH-34-8-1,1,34,8,3400,800
SYNTH-34-9-1,1,34,9,3400,900
SYNTH-34-10-1,1,34,10,3400,1000
SYNTH-34-11-1,1,34,11,3400,1100
SYNTH-34-12-1,1,34,12,3400,1200
SYNTH-34-13-1,1,34,13,3400,1300
SYNTH-34-14-1,1,34,14,3400,1400
SYNTH-34-15-1,1,34,15,3400,1500
SYNTH-34-16-1,1,34,16,3400,1600
SYNTH-34-17-1,1,34,17,3400,1700
SYNTH-34-18-1,1,34,18,3400,1800
SYNTH-34-19-1,1,34,19,3400,1900
SYNTH-34-20-1,1,34,20,3400,2000
SYNTH-34-21-1,1,34,21,3400,2100
SYNTH-34-22-1,1,34,22,3400,2200
SYNTH-34-23-1,1,34,23,3400,2300
SYNTH-34-24-1,1,34,24,3400,2400
SYNTH-34-25-1,1,34,25,3400,2500
SYNTH-34-26-1,1,34,26,3400,2600
SYNTH-34-27-1,1,34,27,3400,2700
SYNTH-34-28-1,1,34,28,3400,2800
SYNTH-34-29-1,1,34,29,3400,2900
SYNTH-34-30-1,1,34,30,3400,3000
SYNTH-34-31-1,1,34,31,3400,3100
SYNTH-34-32-1,1,34,32,3400,3200
SYNTH-34-33-1,1,34,33,3400,3300
SYNTH-34-34-1,1,34,34,3400,3400
SYNTH-34-35-1,1,34,35,3400,3500
SYNTH-34-36-1,1,34,36,3400,3600
SYNTH-34-37-1,1,34,37,3400,3700
SYNTH-34-38-1,1,34,38,3400,3800
SYNTH-34-39-1,1,34,39,3400,3900
SYNTH-34-40-1,1,34,40,3400,4000
SYNTH-34-41-1,1,34,41,3400,4100
SYNTH-34-42-1,1,34,42,3400,4200
SYNTH-34-43-1,1,34,43,3400,4300
SYNTH-34-44-1,1,34,44,3400,4400
SYNTH-34-45-1,1,34,45,3400,4500
SYNTH-34-46-1,1,34,46,3400,4600
SYNTH-34-47-1,1,34,47,3400,4700
SYNTH-34-48-1,1,34,48,3400,4800
SYNTH-34-49-1,1,34,49,3400,4900
SYNTH-34-50-1,1,34,50,3400,5000
SYNTH-35-1-1,1,35,1,3500,150
SYNTH-35-2-1,1,35,2,3500,250
SYNTH-35-3-1,1,35,3,3500,350
SYNTH-35-4-1,1,35,4,3500,450
SYNTH-35-5-1,1,35,5,3500,550
SYNTH-35-6-1,1,35,6,3500,650
SYNTH-35-7-1,1,35,7,3500,750
SYNTH-35-8-1,1,35,8,3500,850
SYNTH-35-9-1,1,35,9,3500,950
SYNTH-35-10-1,1,35,10,3500,1050
SYNTH-35-11-1,1,35,11,3500,1150
SYNTH-35-12-1,1,35,12,3500,1250
SYNTH-35-13-1,1,35,13,3500,1350
SYNTH-35-14-1,1,35,14,3500,1450
SYNTH-35-15-1,1,35,15,3500,1550
SYNTH-35-16-1,1,35,16,3500,1650
SYNTH-35-17-1,1,35,17,3500,1750
SYNTH-35-18-1,1,35,18,3500,1850
SYNTH-35-19-1,1,35,19,3500,1950
SYNTH-35-20-1,1,35,20,3500,2050
SYNTH-35-21-1,1,35,21,3500,2150
SYNTH-35-22-1,1,35,22,3500,2250
SYNTH-35-23-1,1,35,23,3500,2350
SYNTH-35-24-1,1,35,24,3500,2450
SYNTH-35-25-1,1,35,25,3500,2550
SYNTH-35-26-1,1,35,26,3500,2650
SYNTH-35-27-1,1,35,27,3500,2750
SYNTH-35-28-1,1,35,28,3500,2850
SYNTH-35-29-1,1,35,29,3500,2950
SYNTH-35-30-1,1,35,30,3500,3050
SYNTH-35-31-1,1,35,31,3500,3150
SYNTH-35-32-1,1,35,32,3500,3250
SYNTH-35-33-1,1,35,33,3500,3350
SYNTH-35-34-1,1,35,34,3500,3450
SYNTH-35-35-1,1,35,35,3500,3550
SYNTH-35-36-1,1,35,36,3500,3650
SYNTH-35-37-1,1,35,37,3500,3750
SYNTH-35-38-1,1,35,38,3500,3850
SYNTH-35-39-1,1,35,39,3500,3950
SYNTH-35-40-1,1,35,40,3500,4050
SYNTH-35-41-1,1,35,41,3500,4150
SYNTH-35-42-1,1,35,42,3500,4250
SYNTH-35-43-1,1,35,43,3500,4350
SYNTH-35-44-1,1,35,44,3500,4450
SYNTH-35-45-1,1,35,45,3500,4550
SYNTH-35-46-1,1,35,46,3500,4650
SYNTH-35-47-1,1,35,47,3500,4750
SYNTH-35-48-1,1,35,48,3500,4850
SYNTH-35-49-1,1,35,49,3500,4950
SYNTH-35-50-1,1,35,50,3500,5050
SYNTH-36-1-1,1,36,1,3600,100
SYNTH-36-2-1,1,36,2,3600,200
SYNTH-36-3-1,1,36,3,3600,300
SYNTH-36-4-1,1,36,4,3600,400
SYNTH-36-5-1,1,36,5,3600,500
SYNTH-36-6-1,1,36,6,3600,600
SYNTH-36-7-1,1,36,7,3600,700
SYNTH-36-8-1,1,36,8,3600,800
SYNTH-36-9-1,1,36,9,3600,900
SYNTH-36-10-1,1,36,10,3600,1000
SYNTH-36-11-1,1,36,11,3600,1100
SYNTH-36-12-1,1,36,12,3600,1200
SYNTH-36-13-1,1,36,13,3600,1300
SYNTH-36-14-1,1,36,14,3600,1400
SYNTH-36-15-1,1,36,15,3600,1500
SYNTH-36-16-1,1,36,16,3600,1600
SYNTH-36-17-1,1,36,17,3600,1700
SYNTH-36-18-1,1,36,18,3600,1800
SYNTH-36-19-1,1,36,19,3600,1900
SYNTH-36-20-1,1,36,20,3600,2000
SYNTH-36-21-1,1,36,21,3600,2100
SYNTH-36-22-1,1,36,22,3600,2200
SYNTH-36-23-1,1,36,23,3600,2300
SYNTH-36-24-1,1,36,24,3600,2400
SYNTH-36-25-1,1,36,25,3600,2500
SYNTH-36-26-1,1,36,26,3600,2600
SYNTH-36-27-1,1,36,27,3600,2700
SYNTH-36-28-1,1,36,28,3600,2800
SYNTH-36-29-1,1,36,29,3600,2900
SYNTH-36-30-1,1,36,30,3600,3000
SYNTH-36-31-1,1,36,31,3600,3100
SYNTH-36-32-1,1,36,32,3600,3200
SYNTH-36-33-1,1,36,33,3600,3300
SYNTH-36-34-1,1,36,34,3600,3400
SYNTH-36-35-1,1,36,35,3600,3500
SYNTH-36-36-1,1,36,36,3600,3600
SYNTH-36-37-1,1,36,37,3600,3700
SYNTH-36-38-1,1,36,38,3600,3800
SYNTH-36-39-1,1,36,39,3600,3900
SYNTH-36-40-1,1,36,40,3600,4000
SYNTH-36-41-1,1,36,41,3600,4100
SYNTH-36-42-1,1,36,42,3600,4200
SYNTH-36-43-1,1,36,43,3600,4300
SYNTH-36-44-1,1,36,44,3600,4400
SYNTH-36-45-1,1,36,45,3600,4500
SYNTH-36-46-1,1,36,46,3600,4600
SYNTH-36-47-1,1,36,47,3600,4700
SYNTH-36-48-1,1,36,48,3600,4800
SYNTH-36-49-1,1,36,49,3600,4900
SYNTH-36-50-1,1,36,50,3600,5000
SYNTH-37-1-1,1,37,1,3700,150
SYNTH-37-2-1,1,37,2,3700,250
SYNTH-37-3-1,1,37,3,3700,350
SYNTH-37-4-1,1,37,4,3700,450
SYNTH-37-5-1,1,37,5,3700,550
SYNTH-37-6-1,1,37,6,3700,650
SYNTH-37-7-1,1,37,7,3700,750
SYNTH-37-8-1,1,37,8,3700,850
SYNTH-37-9-1,1,37,9,3700,950
SYNTH-37-10-1,1,37,10,3700,1050
SYNTH-37-11-1,1,37,11,3700,1150
SYNTH-37-12-1,1,37,12,3700,1250
SYNTH-37-13-1,1,37,13,3700,1350
SYNTH-37-14-1,1,37,14,3700,1450
SYNTH-37-15-1,1,37,15,3700,1550
SYNTH-37-16-1,1,37,16,3700,1650
SYNTH-37-17-1,1,37,17,3700,1750
SYNTH-37-18-1,1,37,18,3700,1850
SYNTH-37-19-1,1,37,19,3700,1950
SYNTH-37-20-1,1,37,20,3700,2050
SYNTH-37-21-1,1,37,21,3700,2150
SYNTH-37-22-1,1,37,22,3700,2250
SYNTH-37-23-1,1,37,23,3700,2350
SYNTH-37-24-1,1,37,24,3700,2450
SYNTH-37-25-1,1,37,25,3700,2550
SYNTH-37-26-1,1,37,26,3700,2650
SYNTH-37-27-1,1,37,27,3700,2750
SYNTH-37-28-1,1,37,28,3700,2850
SYNTH-37-29-1,1,37,29,3700,2950
SYNTH-37-30-1,1,37,30,3700,3050
SYNTH-37-31-1,1,37,31,3700,3150
SYNTH-37-32-1,1,37,32,3700,3250
SYNTH-37-33-1,1,37,33,3700,3350
SYNTH-37-34-1,1,37,34,3700,3450
SYNTH-37-35-1,1,37,35,3700,3550
SYNTH-37-36-1,1,37,36,3700,3650
SYNTH-37-37-1,1,37,37,3700,3750
SYNTH-37-38-1,1,37,38,3700,3850
SYNTH-37-39-1,1,37,39,3700,3950
SYNTH-37-40-1,1,37,40,3700,4050
SYNTH-37-41-1,1,37,41,3700,4150
SYNTH-37-42-1,1,37,42,3700,4250
SYNTH-37-43-1,1,37,43,3700,4350
SYNTH-37-44-1,1,37,44,3700,4450
SYNTH-37-45-1,1,37,45,3700,4550
SYNTH-37-46-1,1,37,46,3700,4650
SYNTH-37-47-1,1,37,47,3700,4750
SYNTH-37-48-1,1,37,48,3700,4850
SYNTH-37-49-1,1,37,49,3700,4950
SYNTH-37-50-1,1,37,50,3700,5050
SYNTH-38-1-1,1,38,1,3800,100
SYNTH-38-2-1,1,38,2,3800,200
SYNTH-38-3-1,1,38,3,3800,300
SYNTH-38-4-1,1,38,4,3800,400
SYNTH-38-5-1,1,38,5,3800,500
SYNTH-38-6-1,1,38,6,3800,600
SYNTH-38-7-1,1,38,7,3800,700
SYNTH-38-8-1,1,38,8,3800,800
SYNTH-38-9-1,1,38,9,3800,900
SYNTH-38-10-1,1,38,10,3800,1000
SYNTH-38-11-1,1,38,11,3800,1100
SYNTH-38-12-1,1,38,12,3800,1200
SYNTH-38-13-1,1,38,13,3800,1300
SYNTH-38-14-1,1,38,14,3800,1400
SYNTH-38-15-1,1,38,15,3800,1500
SYNTH-38-16-1,1,38,16,3800,1600
SYNTH-38-17-1,1,38,17,3800,1700
SYNTH-38-18-1,1,38,18,3800,1800
SYNTH-38-19-1,1,38,19,3800,1900
SYNTH-38-20-1,1,38,20,3800,2000
SYNTH-38-21-1,1,38,21,3800,2100
SYNTH-38-22-1,1,38,22,3800,2200
SYNTH-38-23-1,1,38,23,3800,2300
SYNTH-38-24-1,1,38,24,3800,2400
SYNTH-38-25-1,1,38,25,3800,2500
SYNTH-38-26-1,1,38,26,3800,2600
SYNTH-38-27-1,1,38,27,3800,2700
SYNTH-38-28-1,1,38,28,3800,2800
SYNTH-38-29-1,1,38,29,3800,2900
SYNTH-38-30-1,1,38,30,3800,3000
SYNTH-38-31-1,1,38,31,3800,3100
SYNTH-38-32-1,1,38,32,3800,3200
SYNTH-38-33-1,1,38,33,3800,3300
SYNTH-38-34-1,1,38,34,3800,3400
SYNTH-38-35-1,1,38,35,3800,3500
SYNTH-38-36-1,1,38,36,3800,3600
SYNTH-38-37-1,1,38,37,3800,3700
SYNTH-38-38-1,1,38,38,3800,3800
SYNTH-38-39-1,1,38,39,3800,3900
SYNTH-38-40-1,1,38,40,3800,4000
SYNTH-38-41-1,1,38,41,3800,4100
SYNTH-38-42-1,1,38,42,3800,4200
SYNTH-38-43-1,1,38,43,3800,4300
SYNTH-38-44-1,1,38,44,3800,4400
SYNTH-38-45-1,1,38,45,3800,4500
SYNTH-38-46-1,1,38,46,3800,4600
SYNTH-38-47-1,1,38,47,3800,4700
SYNTH-38-48-1,1,38,48,3800,4800
SYNTH-38-49-1,1,38,49,3800,4900
SYNTH-38-50-1,1,38,50,3800,5000
SYNTH-39-1-1,1,39,1,3900,150
SYNTH-39-2-1,1,39,2,3900,250
SYNTH-39-3-1,1,39,3,3900,350
SYNTH-39-4-1,1,39,4,3900,450
SYNTH-39-5-1,1,39,5,3900,550
SYNTH-39-6-1,1,39,6,3900,650
SYNTH-39-7-1,1,39,7,3900,750
SYNTH-39-8-1,1,39,8,3900,850
SYNTH-39-9-1,1,39,9,3900,950
SYNTH-39-10-1,1,39,10,3900,1050
SYNTH-39-11-1,1,39,11,3900,1150
SYNTH-39-12-1,1,39,12,3900,1250
SYNTH-39-13-1,1,39,13,3900,1350
SYNTH-39-14-1,1,39,14,3900,1450
SYNTH-39-15-1,1,39,15,3900,1550
SYNTH-39-16-1,1,39,16,3900,1650
SYNTH-39-17-1,1,39,17,3900,1750
SYNTH-39-18-1,1,39,18,3900,1850
SYNTH-39-19-1,1,39,19,3900,1950
SYNTH-39-20-1,1,39,20,3900,2050
SYNTH-39-21-1,1,39,21,3900,2150
SYNTH-39-22-1,1,39,22,3900,2250
SYNTH-39-23-1,1,39,23,3900,2350
SYNTH-39-24-1,1,39,24,3900,2450
SYNTH-39-25-1,1,39,25,3900,2550
SYNTH-39-26-1,1,39,26,3900,2650
SYNTH-39-27-1,1,39,27,3900,2750
SYNTH-39-28-1,1,39,28,3900,2850
SYNTH-39-29-1,1,39,29,3900,2950
SYNTH-39-30-1,1,39,30,3900,3050
SYNTH-39-31-1,1,39,31,3900,3150
SYNTH-39-32-1,1,39,32,3900,3250
SYNTH-39-33-1,1,39,33,3900,3350
SYNTH-39-34-1,1,39,34,3900,3450
SYNTH-39-35-1,1,39,35,3900,3550
SYNTH-39-36-1,1,39,36,3900,3650
SYNTH-39-37-1,1,39,37,3900,3750
SYNTH-39-38-1,1,39,38,3900,3850
SYNTH-39-39-1,1,39,39,3900,3950
SYNTH-39-40-1,1,39,40,3900,4050
SYNTH-39-41-1,1,39,41,3900,4150
SYNTH-39-42-1,1,39,42,3900,4250
SYNTH-39-43-1,1,39,43,3900,4350
SYNTH-39-44-1,1,39,44,3900,4450
SYNTH-39-45-1,1,39,45,3900,4550
SYNTH-39-46-1,1,39,46,3900,4650
SYNTH-39-47-1,1,39,47,3900,4750
SYNTH-39-48-1,1,39,48,3900,4850
SYNTH-39-49-1,1,39,49,3900,4950
SYNTH-39-50-1,1,39,50,3900,5050
SYNTH-40-1-1,1,40,1,4000,100
SYNTH-40-2-1,1,40,2,4000,200
SYNTH-40-3-1,1,40,3,4000,300
SYNTH-40-4-1,1,40,4,4000,400
SYNTH-40-5-1,1,40,5,4000,500
SYNTH-40-6-1,1,40,6,4000,600
SYNTH-40-7-1,1,40,7,4000,700
SYNTH-40-8-1,1,40,8,4000,800
SYNTH-40-9-1,1,40,9,4000,900
SYNTH-40-10-1,1,40,10,4000,1000
SYNTH-40-11-1,1,40,11,4000,1100
SYNTH-40-12-1,1,40,12,4000,1200
SYNTH-40-13-1,1,40,13,4000,1300
SYNTH-40-14-1,1,40,14,4000,1400
SYNTH-40-15-1,1,40,15,4000,1500
SYNTH-40-16-1,1,40,16,4000,1600
SYNTH-40-17-1,1,40,17,4000,1700
SYNTH-40-18-1,1,40,18,4000,1800
SYNTH-40-19-1,1,40,19,4000,1900
SYNTH-40-20-1,1,40,20,4000,2000
SYNTH-40-21-1,1,40,21,4000,2100
SYNTH-40-22-1,1,40,22,4000,2200
SYNTH-40-23-1,1,40,23,4000,2300
SYNTH-40-24-1,1,40,24,4000,2400
SYNTH-40-25-1,1,40,25,4000,2500
SYNTH-40-26-1,1,40,26,4000,2600
SYNTH-40-27-1,1,40,27,4000,2700
SYNTH-40-28-1,1,40,28,4000,2800
SYNTH-40-29-1,1,40,29,4000,2900
SYNTH-40-30-1,1,40,30,4000,3000
SYNTH-40-31-1,1,40,31,4000,3100
SYNTH-40-32-1,1,40,32,4000,3200
SYNTH-40-33-1,1,40,33,4000,3300
SYNTH-40-34-1,1,40,34,4000,3400
SYNTH-40-35-1,1,40,35,4000,3500
SYNTH-40-36-1,1,40,36,4000,3600
SYNTH-40-37-1,1,40,37,4000,3700
SYNTH-40-38-1,1,40,38,4000,3800
SYNTH-40-39-1,1,40,39,4000,3900
SYNTH-40-40-1,1,40,40,4000,4000
SYNTH-40-41-1,1,40,41,4000,4100
SYNTH-40-42-1,1,40,42,4000,4200
SYNTH-40-43-1,1,40,43,4000,4300
SYNTH-40-44-1,1,40,44,4000,4400
SYNTH-40-45-1,1,40,45,4000,4500
SYNTH-40-46-1,1,40,46,4000,4600
SYNTH-40-47-1,1,40,47,4000,4700
SYNTH-40-48-1,1,40,48,4000,4800
SYNTH-40-49-1,1,40,49,4000,4900
SYNTH-40-50-1,1,40,50,4000,5000
SYNTH-41-1-1,1,41,1,4100,150
SYNTH-41-2-1,1,41,2,4100,250
SYNTH-41-3-1,1,41,3,4100,350
SYNTH-41-4-1,1,41,4,4100,450
SYNTH-41-5-1,1,41,5,4100,550
SYNTH-41-6-1,1,41,6,4100,650
SYNTH-41-7-1,1,41,7,4100,750
SYNTH-41-8-1,1,41,8,4100,850
SYNTH-41-9-1,1,41,9,4100,950
SYNTH-41-10-1,1,41,10,4100,1050
SYNTH-41-11-1,1,41,11,4100,1150
SYNTH-41-12-1,1,41,12,4100,1250
SYNTH-41-13-1,1,41,13,4100,1350
SYNTH-41-14-1,1,41,14,4100,1450
SYNTH-41-15-1,1,41,15,4100,1550
SYNTH-41-16-1,1,41,16,4100,1650
SYNTH-41-17-1,1,41,17,4100,1750
SYNTH-41-18-1,1,41,18,4100,1850
SYNTH-41-19-1,1,41,19,4100,1950
SYNTH-41-20-1,1,41,20,4100,2050
SYNTH-41-21-1,1,41,21,4100,2150
SYNTH-41-22-1,1,41,22,4100,2250
SYNTH-41-23-1,1,41,23,4100,2350
SYNTH-41-24-1,1,41,24,4100,2450
SYNTH-41-25-1,1,41,25,4100,2550
SYNTH-41-26-1,1,41,26,4100,2650
SYNTH-41-27-1,1,41,27,4100,2750
SYNTH-41-28-1,1,41,28,4100,2850
SYNTH-41-29-1,1,41,29,4100,2950
SYNTH-41-30-1,1,41,30,4100,3050
SYNTH-41-31-1,1,41,31,4100,3150
SYNTH-41-32-1,1,41,32,4100,3250
SYNTH-41-33-1,1,41,33,4100,3350
SYNTH-41-34-1,1,41,34,4100,3450
SYNTH-41-35-1,1,41,35,4100,3550
SYNTH-41-36-1,1,41,36,4100,3650
SYNTH-41-37-1,1,41,37,4100,3750
SYNTH-41-38-1,1,41,38,4100,3850
SYNTH-41-39-1,1,41,39,4100,3950
SYNTH-41-40-1,1,41,40,4100,4050
SYNTH-41-41-1,1,41,41,4100,4150
SYNTH-41-42-1,1,41,42,4100,4250
SYNTH-41-43-1,1,41,43,4100,4350
SYNTH-41-44-1,1,41,44,4100,4450
SYNTH-41-45-1,1,41,45,4100,4550
SYNTH-41-46-1,1,41,46,4100,4650
SYNTH-41-47-1,1,41,47,4100,4750
SYNTH-41-48-1,1,41,48,4100,4850
SYNTH-41-49-1,1,41,49,4100,4950
SYNTH-41-50-1,1,41,50,4100,5050
SYNTH-42-1-1,1,42,1,4200,100
SYNTH-42-2-1,1,42,2,4200,200
SYNTH-42-3-1,1,42,3,4200,300
SYNTH-42-4-1,1,42,4,4200,400
SYNTH-42-5-1,1,42,5,4200,500
SYNTH-42-6-1,1,42,6,4200,600
SYNTH-42-7-1,1,42,7,4200,700
SYNTH-42-8-1,1,42,8,4200,800
SYNTH-42-9-1,1,42,9,4200,900
SYNTH-42-10-1,1,42,10,4200,1000
SYNTH-42-11-1,1,42,11,4200,1100
SYNTH-42-12-1,1,42,12,4200,1200
SYNTH-42-13-1,1,42,13,4200,1300
SYNTH-42-14-1,1,42,14,4200,1400
SYNTH-42-15-1,1,42,15,4200,1500
SYNTH-42-16-1,1,42,16,4200,1600
SYNTH-42-17-1,1,42,17,4200,1700
SYNTH-42-18-1,1,42,18,4200,1800
SYNTH-42-19-1,1,42,19,4200,1900
SYNTH-42-20-1,1,42,20,4200,2000
SYNTH-42-21-1,1,42,21,4200,2100
SYNTH-42-22-1,1,42,22,4200,2200
SYNTH-42-23-1,1,42,23,4200,2300
SYNTH-42-24-1,1,42,24,4200,2400
SYNTH-42-25-1,1,42,25,4200,2500
SYNTH-42-26-1,1,42,26,4200,2600
SYNTH-42-27-1,1,42,27,4200,2700
SYNTH-42-28-1,1,42,28,4200,2800
SYNTH-42-29-1,1,42,29,4200,2900
SYNTH-42-30-1,1,42,30,4200,3000
SYNTH-42-31-1,1,42,31,4200,3100
SYNTH-42-32-1,1,42,32,4200,3200
SYNTH-42-33-1,1,42,33,4200,3300
SYNTH-42-34-1,1,42,34,4200,3400
SYNTH-42-35-1,1,42,35,4200,3500
SYNTH-42-36-1,1,42,36,4200,3600
SYNTH-42-37-1,1,42,37,4200,3700
SYNTH-42-38-1,1,42,38,4200,3800
SYNTH-42-39-1,1,42,39,4200,3900
SYNTH-42-40-1,1,42,40,4200,4000
SYNTH-42-41-1,1,42,41,4200,4100
SYNTH-42-42-1,1,42,42,4200,4200
SYNTH-42-43-1,1,42,43,4200,4300
SYNTH-42-44-1,1,42,44,4200,4400
SYNTH-42-45-1,1,42,45,4200,4500
SYNTH-42-46-1,1,42,46,4200,4600
SYNTH-42-47-1,1,42,47,4200,4700
SYNTH-42-48-1,1,42,48,4200,4800
SYNTH-42-49-1,1,42,49,4200,4900
SYNTH-42-50-1,1,42,50,4200,5000
SYNTH-43-1-1,1,43,1,4300,150
SYNTH-43-2-1,1,43,2,4300,250
SYNTH-43-3-1,1,43,3,4300,350
SYNTH-43-4-1,1,43,4,4300,450
SYNTH-43-5-1,1,43,5,4300,550
SYNTH-43-6-1,1,43,6,4300,650
SYNTH-43-7-1,1,43,7,4300,750
SYNTH-43-8-1,1,43,8,4300,850
SYNTH-43-9-1,1,43,9,4300,950
SYNTH-43-10-1,1,43,10,4300,1050
SYNTH-43-11-1,1,43,11,4300,1150
SYNTH-43-12-1,1,43,12,4300,1250
SYNTH-43-13-1,1,43,13,4300,1350
SYNTH-43-14-1,1,43,14,4300,1450
SYNTH-43-15-1,1,43,15,4300,1550
SYNTH-43-16-1,1,43,16,4300,1650
SYNTH-43-17-1,1,43,17,4300,1750
SYNTH-43-18-1,1,43,18,4300,1850
SYNTH-43-19-1,1,43,19,4300,1950
SYNTH-43-20-1,1,43,20,4300,2050
SYNTH-43-21-1,1,43,21,4300,2150
SYNTH-43-22-1,1,43,22,4300,2250
SYNTH-43-23-1,1,43,23,4300,2350
SYNTH-43-24-1,1,43,24,4300,2450
SYNTH-43-25-1,1,43,25,4300,2550
SYNTH-43-26-1,1,43,26,4300,2650
SYNTH-43-27-1,1,43,27,4300,2750
SYNTH-43-28-1,1,43,28,4300,2850
SYNTH-43-29-1,1,43,29,4300,2950
SYNTH-43-30-1,1,43,30,4300,3050
SYNTH-43-31-1,1,43,31,4300,3150
SYNTH-43-32-1,1,43,32,4300,3250
SYNTH-43-33-1,1,43,33,4300,3350
SYNTH-43-34-1,1,43,34,4300,3450
SYNTH-43-35-1,1,43,35,4300,3550
SYNTH-43-36-1,1,43,36,4300,3650
SYNTH-43-37-1,1,43,37,4300,3750
SYNTH-43-38-1,1,43,38,4300,3850
SYNTH-43-39-1,1,43,39,4300,3950
SYNTH-43-40-1,1,43,40,4300,4050
SYNTH-43-41-1,1,43,41,4300,4150
SYNTH-43-42-1,1,43,42,4300,4250
SYNTH-43-43-1,1,43,43,4300,4350
SYNTH-43-44-1,1,43,44,4300,4450
SYNTH-43-45-1,1,43,45,4300,4550
SYNTH-43-46-1,1,43,46,4300,4650
SYNTH-43-47-1,1,43,47,4300,4750
SYNTH-43-48-1,1,43,48,4300,4850
SYNTH-43-49-1,1,43,49,4300,4950
SYNTH-43-50-1,1,43,50,4300,5050
SYNTH-44-1-1,1,44,1,4400,100
SYNTH-44-2-1,1,44,2,4400,200
SYNTH-44-3-1,1,44,3,4400,300
SYNTH-44-4-1,1,44,4,4400,400
SYNTH-44-5-1,1,44,5,4400,500
SYNTH-44-6-1,1,44,6,4400,600
SYNTH-44-7-1,1,44,7,4400,700
SYNTH-44-8-1,1,44,8,4400,800
SYNTH-44-9-1,1,44,9,4400,900
SYNTH-44-10-1,1,44,10,4400,1000
SYNTH-44-11-1,1,44,11,4400,1100
SYNTH-44-12-1,1,44,12,4400,1200
SYNTH-44-13-1,1,44,13,4400,1300
SYNTH-44-14-1,1,44,14,4400,1400
SYNTH-44-15-1,1,44,15,4400,1500
SYNTH-44-16-1,1,44,16,4400,1600
SYNTH-44-17-1,1,44,17,4400,1700
SYNTH-44-18-1,1,44,18,4400,1800
SYNTH-44-19-1,1,44,19,4400,1900
SYNTH-44-20-1,1,44,20,4400,2000
SYNTH-44-21-1,1,44,21,4400,2100
SYNTH-44-22-1,1,44,22,4400,2200
SYNTH-44-23-1,1,44,23,4400,2300
SYNTH-44-24-1,1,44,24,4400,2400
SYNTH-44-25-1,1,44,25,4400,2500
SYNTH-44-26-1,1,44,26,4400,2600
SYNTH-44-27-1,1,44,27,4400,2700
SYNTH-44-28-1,1,44,28,4400,2800
SYNTH-44-29-1,1,44,29,4400,2900
SYNTH-44-30-1,1,44,30,4400,3000
SYNTH-44-31-1,1,44,31,4400,3100
SYNTH-44-32-1,1,44,32,4400,3200
SYNTH-44-33-1,1,44,33,4400,3300
SYNTH-44-34-1,1,44,34,4400,3400
SYNTH-44-35-1,1,44,35,4400,3500
SYNTH-44-36-1,1,44,36,4400,3600
SYNTH-44-37-1,1,44,37,4400,3700
SYNTH-44-38-1,1,44,38,4400,3800
SYNTH-44-39-1,1,44,39,4400,3900
SYNTH-44-40-1,1,44,40,4400,4000
SYNTH-44-41-1,1,44,41,4400,4100
SYNTH-44-42-1,1,44,42,4400,4200
SYNTH-44-43-1,1,44,43,4400,4300
SYNTH-44-44-1,1,44,44,4400,4400
SYNTH-44-45-1,1,44,45,4400,4500
SYNTH-44-46-1,1,44,46,4400,4600
SYNTH-44-47-1,1,44,47,4400,4700
SYNTH-44-48-1,1,44,48,4400,4800
SYNTH-44-49-1,1,44,49,4400,4900
SYNTH-44-50-1,1,44,50,4400,5000
SYNTH-45-1-1,1,45,1,4500,150
SYNTH-45-2-1,1,45,2,4500,250
SYNTH-45-3-1,1,45,3,4500,350
SYNTH-45-4-1,1,45,4,4500,450
SYNTH-45-5-1,1,45,5,4500,550
SYNTH-45-6-1,1,45,6,4500,650
SYNTH-45-7-1,1,45,7,4500,750
SYNTH-45-8-1,1,45,8,4500,850
SYNTH-45-9-1,1,45,9,4500,950
SYNTH-45-10-1,1,45,10,4500,1050
SYNTH-45-11-1,1,45,11,4500,1150
SYNTH-45-12-1,1,45,12,4500,1250
SYNTH-45-13-1,1,45,13,4500,1350
SYNTH-45-14-1,1,45,14,4500,1450
SYNTH-45-15-1,1,45,15,4500,1550
SYNTH-45-16-1,1,45,16,4500,1650
SYNTH-45-17-1,1,45,17,4500,1750
SYNTH-45-18-1,1,45,18,4500,1850
SYNTH-45-19-1,1,45,19,4500,1950
SYNTH-45-20-1,1,45,20,4500,2050
SYNTH-45-21-1,1,45,21,4500,2150
SYNTH-45-22-1,1,45,22,4500,2250
SYNTH-45-23-1,1,45,23,4500,2350
SYNTH-45-24-1,1,45,24,4500,2450
SYNTH-45-25-1,1,45,25,4500,2550
SYNTH-45-26-1,1,45,26,4500,2650
SYNTH-45-27-1,1,45,27,4500,2750
SYNTH-45-28-1,1,45,28,4500,2850
SYNTH-45-29-1,1,45,29,4500,2950
SYNTH-45-30-1,1,45,30,4500,3050
SYNTH-45-31-1,1,45,31,4500,3150
SYNTH-45-32-1,1,45,32,4500,3250
SYNTH-45-33-1,1,45,33,4500,3350
SYNTH-45-34-1,1,45,34,4500,3450
SYNTH-45-35-1,1,45,35,4500,3550
SYNTH-45-36-1,1,45,36,4500,3650
SYNTH-45-37-1,1,45,37,4500,3750
SYNTH-45-38-1,1,45,38,4500,3850
SYNTH-45-39-1,1,45,39,4500,3950
SYNTH-45-40-1,1,45,40,4500,4050
SYNTH-45-41-1,1,45,41,4500,4150
SYNTH-45-42-1,1,45,42,4500,4250
SYNTH-45-43-1,1,45,43,4500,4350
SYNTH-45-44-1,1,45,44,4500,4450
SYNTH-45-45-1,1,45,45,4500,4550
SYNTH-45-46-1,1,45,46,4500,4650
SYNTH-45-47-1,1,45,47,4500,4750
SYNTH-45-48-1,1,45,48,4500,4850
SYNTH-45-49-1,1,45,49,4500,4950
SYNTH-45-50-1,1,45,50,4500,5050
SYNTH-46-1-1,1,46,1,4600,100
SYNTH-46-2-1,1,46,2,4600,200
SYNTH-46-3-1,1,46,3,4600,300
SYNTH-46-4-1,1,46,4,4600,400
SYNTH-46-5-1,1,46,5,4600,500
SYNTH-46-6-1,1,46,6,4600,600
SYNTH-46-7-1,1,46,7,4600,700
SYNTH-46-8-1,1,46,8,4600,800
SYNTH-46-9-1,1,46,9,4600,900
SYNTH-46-10-1,1,46,10,4600,1000
SYNTH-46-11-1,1,46,11,4600,1100
SYNTH-46-12-1,1,46,12,4600,1200
SYNTH-46-13-1,1,46,13,4600,1300
SYNTH-46-14-1,1,46,14,4600,1400
SYNTH-46-15-1,1,46,15,4600,1500
SYNTH-46-16-1,1,46,16,4600,1600
SYNTH-46-17-1,1,46,17,4600,1700
SYNTH-46-18-1,1,46,18,4600,1800
SYNTH-46-19-1,1,46,19,4600,1900
SYNTH-46-20-1,1,46,20,4600,2000
SYNTH-46-21-1,1,46,21,4600,2100
SYNTH-46-22-1,1,46,22,4600,2200
SYNTH-46-23-1,1,46,23,4600,2300
SYNTH-46-24-1,1,46,24,4600,2400
SYNTH-46-25-1,1,46,25,4600,2500
SYNTH-46-26-1,1,46,26,4600,2600
SYNTH-46-27-1,1,46,27,4600,2700
SYNTH-46-28-1,1,46,28,4600,2800
SYNTH-46-29-1,1,46,29,4600,2900
SYNTH-46-30-1,1,46,30,4600,3000
SYNTH-46-31-1,1,46,31,4600,3100
SYNTH-46-32-1,1,46,32,4600,3200
SYNTH-46-33-1,1,46,33,4600,3300
SYNTH-46-34-1,1,46,34,4600,3400
SYNTH-46-35-1,1,46,35,4600,3500
SYNTH-46-36-1,1,46,36,4600,3600
SYNTH-46-37-1,1,46,37,4600,3700
SYNTH-46-38-1,1,46,38,4600,3800
SYNTH-46-39-1,1,46,39,4600,3900
SYNTH-46-40-1,1,46,40,4600,4000
SYNTH-46-41-1,1,46,41,4600,4100
SYNTH-46-42-1,1,46,42,4600,4200
SYNTH-46-43-1,1,46,43,4600,4300
SYNTH-46-44-1,1,46,44,4600,4400
SYNTH-46-45-1,1,46,45,4600,4500
SYNTH-46-46-1,1,46,46,4600,4600
SYNTH-46-47-1,1,46,47,4600,4700
SYNTH-46-48-1,1,46,48,4600,4800
SYNTH-46-49-1,1,46,49,4600,4900
SYNTH-46-50-1,1,46,50,4600,5000
SYNTH-47-1-1,1,47,1,4700,150
SYNTH-47-2-1,1,47,2,4700,250
SYNTH-47-3-1,1,47,3,4700,350
SYNTH-47-4-1,1,47,4,4700,450
SYNTH-47-5-1,1,47,5,4700,550
SYNTH-47-6-1,1,47,6,4700,650
SYNTH-47-7-1,1,47,7,4700,750
SYNTH-47-8-1,1,47,8,4700,850
SYNTH-47-9-1,1,47,9,4700,950
SYNTH-47-10-1,1,47,10,4700,1050
SYNTH-47-11-1,1,47,11,4700,1150
SYNTH-47-12-1,1,47,12,4700,1250
SYNTH-47-13-1,1,47,13,4700,1350
SYNTH-47-14-1,1,47,14,4700,1450
SYNTH-47-15-1,1,47,15,4700,1550
SYNTH-47-16-1,1,47,16,4700,1650
SYNTH-47-17-1,1,47,17,4700,1750
SYNTH-47-18-1,1,47,18,4700,1850
SYNTH-47-19-1,1,47,19,4700,1950
SYNTH-47-20-1,1,47,20,4700,2050
SYNTH-47-21-1,1,47,21,4700,2150
SYNTH-47-22-1,1,47,22,4700,2250
SYNTH-47-23-1,1,47,23,4700,2350
SYNTH-47-24-1,1,47,24,4700,2450
SYNTH-47-25-1,1,47,25,4700,2550
SYNTH-47-26-1,1,47,26,4700,2650
SYNTH-47-27-1,1,47,27,4700,2750
SYNTH-47-28-1,1,47,28,4700,2850
SYNTH-47-29-1,1,47,29,4700,2950
SYNTH-47-30-1,1,47,30,4700,3050
SYNTH-47-31-1,1,47,31,4700,3150
SYNTH-47-32-1,1,47,32,4700,3250
SYNTH-47-33-1,1,47,33,4700,3350
SYNTH-47-34-1,1,47,34,4700,3450
SYNTH-47-35-1,1,47,35,4700,3550
SYNTH-47-36-1,1,47,36,4700,3650
SYNTH-47-37-1,1,47,37,4700,3750
SYNTH-47-38-1,1,47,38,4700,3850
SYNTH-47-39-1,1,47,39,4700,3950
SYNTH-47-40-1,1,47,40,4700,4050
SYNTH-47-41-1,1,47,41,4700,4150
SYNTH-47-42-1,1,47,42,4700,4250
SYNTH-47-43-1,1,47,43,4700,4350
SYNTH-47-44-1,1,47,44,4700,4450
SYNTH-47-45-1,1,47,45,4700,4550
SYNTH-47-46-1,1,47,46,4700,4650
SYNTH-47-47-1,1,47,47,4700,4750
SYNTH-47-48-1,1,47,48,4700,4850
SYNTH-47-49-1,1,47,49,4700,4950
SYNTH-47-50-1,1,47,50,4700,5050
SYNTH-48-1-1,1,48,1,4800,100
SYNTH-48-2-1,1,48,2,4800,200
SYNTH-48-3-1,1,48,3,4800,300
SYNTH-48-4-1,1,48,4,4800,400
SYNTH-48-5-1,1,48,5,4800,500
SYNTH-48-6-1,1,48,6,4800,600
SYNTH-48-7-1,1,48,7,4800,700
SYNTH-48-8-1,1,48,8,4800,800
SYNTH-48-9-1,1,48,9,4800,900
SYNTH-48-10-1,1,48,10,4800,1000
SYNTH-48-11-1,1,48,11,4800,1100
SYNTH-48-12-1,1,48,12,4800,1200
SYNTH-48-13-1,1,48,13,4800,1300
SYNTH-48-14-1,1,48,14,4800,1400
SYNTH-48-15-1,1,48,15,4800,1500
SYNTH-48-16-1,1,48,16,4800,1600
SYNTH-48-17-1,1,48,17,4800,1700
SYNTH-48-18-1,1,48,18,4800,1800
SYNTH-48-19-1,1,48,19,4800,1900
SYNTH-48-20-1,1,48,20,4800,2000
SYNTH-48-21-1,1,48,21,4800,2100
SYNTH-48-22-1,1,48,22,4800,2200
SYNTH-48-23-1,1,48,23,4800,2300
SYNTH-48-24-1,1,48,24,4800,2400
SYNTH-48-25-1,1,48,25,4800,2500
SYNTH-48-26-1,1,48,26,4800,2600
SYNTH-48-27-1,1,48,27,4800,2700
SYNTH-48-28-1,1,48,28,4800,2800
SYNTH-48-29-1,1,48,29,4800,2900
SYNTH-48-30-1,1,48,30,4800,3000
SYNTH-48-31-1,1,48,31,4800,3100
SYNTH-48-32-1,1,48,32,4800,3200
SYNTH-48-33-1,1,48,33,4800,3300
SYNTH-48-34-1,1,48,34,4800,3400
SYNTH-48-35-1,1,48,35,4800,3500
SYNTH-48-36-1,1,48,36,4800,3600
SYNTH-48-37-1,1,48,37,4800,3700
SYNTH-48-38-1,1,48,38,4800,3800
SYNTH-48-39-1,1,48,39,4800,3900
SYNTH-48-40-1,1,48,40,4800,4000
SYNTH-48-41-1,1,48,41,4800,4100
SYNTH-48-42-1,1,48,42,4800,4200
SYNTH-48-43-1,1,48,43,4800,4300
SYNTH-48-44-1,1,48,44,4800,4400
SYNTH-48-45-1,1,48,45,4800,4500
SYNTH-48-46-1,1,48,46,4800,4600
SYNTH-48-47-1,1,48,47,4800,4700
SYNTH-48-48-1,1,48,48,4800,4800
SYNTH-48-49-1,1,48,49,4800,4900
SYNTH-48-50-1,1,48,50,4800,5000
SYNTH-49-1-1,1,49,1,4900,150
SYNTH-49-2-1,1,49,2,4900,250
SYNTH-49-3-1,1,49,3,4900,350
SYNTH-49-4-1,1,49,4,4900,450
SYNTH-49-5-1,1,49,5,4900,550
SYNTH-49-6-1,1,49,6,4900,650
SYNTH-49-7-1,1,49,7,4900,750
SYNTH-49-8-1,1,49,8,4900,850
SYNTH-49-9-1,1,49,9,4900,950
SYNTH-49-10-1,1,49,10,4900,1050
SYNTH-49-11-1,1,49,11,4900,1150
SYNTH-49-12-1,1,49,12,4900,1250
SYNTH-49-13-1,1,49,13,4900,1350
SYNTH-49-14-1,1,49,14,4900,1450
SYNTH-49-15-1,1,49,15,4900,1550
SYNTH-49-16-1,1,49,16,4900,1650
SYNTH-49-17-1,1,49,17,4900,1750
SYNTH-49-18-1,1,49,18,4900,1850
SYNTH-49-19-1,1,49,19,4900,1950
SYNTH-49-20-1,1,49,20,4900,2050
SYNTH-49-21-1,1,49,21,4900,2150
SYNTH-49-22-1,1,49,22,4900,2250
SYNTH-49-23-1,1,49,23,4900,2350
SYNTH-49-24-1,1,49,24,4900,2450
SYNTH-49-25-1,1,49,25,4900,2550
SYNTH-49-26-1,1,49,26,4900,2650
SYNTH-49-27-1,1,49,27,4900,2750
SYNTH-49-28-1,1,49,28,4900,2850
SYNTH-49-29-1,1,49,29,4900,2950
SYNTH-49-30-1,1,49,30,4900,3050
SYNTH-49-31-1,1,49,31,4900,3150
SYNTH-49-32-1,1,49,32,4900,3250
SYNTH-49-33-1,1,49,33,4900,3350
SYNTH-49-34-1,1,49,34,4900,3450
SYNTH-49-35-1,1,49,35,4900,3550
SYNTH-49-36-1,1,49,36,4900,3650
SYNTH-49-37-1,1,49,37,4900,3750
SYNTH-49-38-1,1,49,38,4900,3850
SYNTH-49-39-1,1,49,39,4900,3950
SYNTH-49-40-1,1,49,40,4900,4050
SYNTH-49-41-1,1,49,41,4900,4150
SYNTH-49-42-1,1,49,42,4900,4250
SYNTH-49-43-1,1,49,43,4900,4350
SYNTH-49-44-1,1,49,44,4900,4450
SYNTH-49-45-1,1,49,45,4900,4550
SYNTH-49-46-1,1,49,46,4900,4650
SYNTH-49-47-1,1,49,47,4900,4750
SYNTH-49-48-1,1,49,48,4900,4850
SYNTH-49-49-1,1,49,49,4900,4950
SYNTH-49-50-1,1,49,50,4900,5050
SYNTH-50-1-1,1,50,1,5000,100
SYNTH-50-2-1,1,50,2,5000,200
SYNTH-50-3-1,1,50,3,5000,300
SYNTH-50-4-1,1,50,4,5000,400
SYNTH-50-5-1,1,50,5,5000,500
SYNTH-50-6-1,1,50,6,5000,600
SYNTH-50-7-1,1,50,7,5000,700
SYNTH-50-8-1,1,50,8,5000,800
SYNTH-50-9-1,1,50,9,5000,900
SYNTH-50-10-1,1,50,10,5000,1000
SYNTH-50-11-1,1,50,11,5000,1100
SYNTH-50-12-1,1,50,12,5000,1200
SYNTH-50-13-1,1,50,13,5000,1300
SYNTH-50-14-1,1,50,14,5000,1400
SYNTH-50-15-1,1,50,15,5000,1500
SYNTH-50-16-1,1,50,16,5000,1600
SYNTH-50-17-1,1,50,17,5000,1700
SYNTH-50-18-1,1,50,18,5000,1800
SYNTH-50-19-1,1,50,19,5000,1900
SYNTH-50-20-1,1,50,20,5000,2000
SYNTH-50-21-1,1,50,21,5000,2100
SYNTH-50-22-1,1,50,22,5000,2200
SYNTH-50-23-1,1,50,23,5000,2300
SYNTH-50-24-1,1,50,24,5000,2400
SYNTH-50-25-1,1,50,25,5000,2500
SYNTH-50-26-1,1,50,26,5000,2600
SYNTH-50-27-1,1,50,27,5000,2700
SYNTH-50-28-1,1,50,28,5000,2800
SYNTH-50-29-1,1,50,29,5000,2900
SYNTH-50-30-1,1,50,30,5000,3000
SYNTH-50-31-1,1,50,31,5000,3100
SYNTH-50-32-1,1,50,32,5000,3200
SYNTH-50-33-1,1,50,33,5000,3300
SYNTH-50-34-1,1,50,34,5000,3400
SYNTH-50-35-1,1,50,35,5000,3500
SYNTH-50-36-1,1,50,36,5000,3600
SYNTH-50-37-1,1,50,37,5000,3700
SYNTH-50-38-1,1,50,38,5000,3800
SYNTH-50-39-1,1,50,39,5000,3900
SYNTH-50-40-1,1,50,40,5000,4000
SYNTH-50-41-1,1,50,41,5000,4100
SYNTH-50-42-1,1,50,42,5000,4200
SYNTH-50-43-1,1,50,43,5000,4300
SYNTH-50-44-1,1,50,44,5000,4400
SYNTH-50-45-1,1,50,45,5000,4500
SYNTH-50-46-1,1,50,46,5000,4600
SYNTH-50-47-1,1,50,47,5000,4700
SYNTH-50-48-1,1,50,48,5000,4800
SYNTH-50-49-1,1,50,49,5000,4900
SYNTH-50-50-1,1,50,50,5000,5000
